Date,Symbol,Final_Score,Signal,Price,Total_Value,Fundamentals,Technicals,Analysts,News,Insiders
2026-03-15,SPMO,4.67,REDUCE,116.2,409.9645228,3.00,6.57,5.00,5.00,5.00
2026-03-15,SMH,5.14,REDUCE,387.35,179.07306705000002,3.00,9.50,5.00,5.00,5.00
2026-03-15,TPL,7.63,BUY,531.15,193.76192654999997,10.00,10.00,6.88,5.00,5.00
2026-03-15,MELI,6.29,HOLD,1670.02,84.24415889999999,7.01,4.00,9.35,5.00,5.00
2026-03-15,VRT,7.54,BUY,258.9,136.2471606,8.75,10.00,8.28,5.00,5.00
2026-03-15,MU,7.35,BUY,426.15,101.8447362,7.66,10.00,8.89,5.00,5.00
2026-03-15,AVNV,5.06,REDUCE,77.56,77.56,3.00,9.00,5.00,5.00,5.00
2026-03-15,BWXT,6.11,HOLD,194.15,76.52131025,4.91,10.00,6.67,5.00,5.00
2026-03-15,GEV,7.59,BUY,805.04,83.35142648,9.29,9.50,8.13,5.00,5.00
2026-03-15,CRWD,4.04,REDUCE,441.8,75.865896,2.75,1.00,6.67,5.00,5.00
2026-03-15,SHLD,5.22,REDUCE,75.63,61.96706234999999,3.00,10.00,5.00,5.00,5.00
2026-03-15,FTAI,6.58,HOLD,222.26,53.13769854,5.20,9.00,9.41,5.00,5.00
2026-03-15,RKLB,5.66,HOLD,68.43,41.45154093000001,2.87,10.00,7.39,5.00,5.00
2026-03-15,SCCO,5.82,HOLD,170.85,48.831834449999995,9.08,9.00,0.00,5.00,5.00
2026-03-15,KTOS,6.00,HOLD,87.55,45.42120265,4.07,9.50,7.78,5.00,5.00
2026-03-15,AGX,6.75,HOLD,458.33,43.76914001,9.97,10.00,5.56,5.00,2.00
2026-03-15,BNO,4.58,REDUCE,49.05,38.39472135,3.00,6.00,5.00,5.00,5.00
2026-03-15,LLY,6.96,HOLD,985.1,29.7184968,7.69,9.00,7.69,5.00,5.00
2026-03-15,SPMO,4.67,REDUCE,116.2,409.9645228,3.00,6.57,5.00,5.00,5.00
2026-03-15,SMH,5.14,REDUCE,387.35,179.07306705000002,3.00,9.50,5.00,5.00,5.00
2026-03-15,TPL,7.63,BUY,531.15,193.76192654999997,10.00,10.00,6.88,5.00,5.00
2026-03-15,MELI,6.29,HOLD,1670.02,84.24415889999999,7.01,4.00,9.35,5.00,5.00
2026-03-15,VRT,7.54,BUY,258.9,136.2471606,8.75,10.00,8.28,5.00,5.00
2026-03-15,MU,7.35,BUY,426.15,101.8447362,7.66,10.00,8.89,5.00,5.00
2026-03-15,AVNV,5.06,REDUCE,77.56,77.56,3.00,9.00,5.00,5.00,5.00
2026-03-15,BWXT,6.11,HOLD,194.15,76.52131025,4.91,10.00,6.67,5.00,5.00
2026-03-15,GEV,7.59,BUY,805.04,83.35142648,9.29,9.50,8.13,5.00,5.00
2026-03-15,CRWD,4.04,REDUCE,441.8,75.865896,2.75,1.00,6.67,5.00,5.00
2026-03-15,SHLD,5.22,REDUCE,75.63,61.96706234999999,3.00,10.00,5.00,5.00,5.00
2026-03-15,FTAI,6.58,HOLD,222.26,53.13769854,5.20,9.00,9.41,5.00,5.00
2026-03-15,RKLB,5.66,HOLD,68.43,41.45154093000001,2.87,10.00,7.39,5.00,5.00
2026-03-15,SCCO,5.82,HOLD,170.85,48.831834449999995,9.08,9.00,0.00,5.00,5.00
2026-03-15,KTOS,6.00,HOLD,87.55,45.42120265,4.07,9.50,7.78,5.00,5.00
2026-03-15,AGX,6.75,HOLD,458.33,43.76914001,9.97,10.00,5.56,5.00,2.00
2026-03-15,BNO,4.58,REDUCE,49.05,38.39472135,3.00,6.00,5.00,5.00,5.00
2026-03-15,LLY,6.96,HOLD,985.1,29.7184968,7.69,9.00,7.69,5.00,5.00
2026-03-16,SPMO,5.09,MARKET_NOISE,HOLD_NOISE,117.35,662.29,3.00,7.06,5.00,7.24,5.00,1.1041,1.0770,0,0,0,0,0,0
2026-03-16,SMH,5.40,MARKET_NOISE,HOLD_NOISE,393.92,662.29,3.00,9.50,5.00,6.75,5.00,1.5744,0.1330,0,0,0,0,0,0
2026-03-16,TPL,7.68,MARKET_NOISE,HOLD_NOISE,526.89,662.29,10.00,8.81,6.88,6.61,5.00,1.4018,34.4458,0,0,0,0,0,1
2026-03-16,MELI,6.56,IDIOSYNCRATIC_DECAY,HOLD,1732.33,662.29,7.01,4.00,9.35,6.75,5.00,0.7518,-14.0287,0,0,0,0,0,1
2026-03-16,VRT,7.74,MARKET_NOISE,HOLD_NOISE,264.74,662.29,8.75,10.00,8.28,6.32,5.00,1.9621,12.5859,0,0,0,0,0,1
2026-03-16,MU,7.61,MARKET_NOISE,HOLD_NOISE,441.8,662.29,7.66,10.00,8.89,6.77,5.00,2.0104,12.4683,0,0,0,0,0,1
2026-03-16,AVNV,5.06,WATCH,HOLD,78.75,662.29,3.00,9.00,5.00,5.00,5.00,0.5889,-5.4461,0,0,0,0,0,0
2026-03-16,BWXT,6.20,MARKET_NOISE,HOLD_NOISE,204.67,662.29,4.91,9.50,6.67,6.16,5.00,0.9670,1.9448,0,0,0,0,0,0
2026-03-16,GEV,7.52,MARKET_NOISE,HOLD_NOISE,827.37,662.29,9.29,10.00,8.13,3.97,5.00,1.3910,3.7003,0,0,0,0,0,0
2026-03-16,CRWD,4.91,MARKET_NOISE,HOLD_NOISE,423.84,662.29,2.75,5.00,6.67,6.51,5.00,1.3668,12.1060,0,0,0,0,0,0
2026-03-16,SHLD,5.22,MARKET_NOISE,HOLD_NOISE,76.66,662.29,3.00,10.00,5.00,5.00,5.00,0.5594,8.3098,0,0,0,0,0,0
2026-03-16,FTAI,7.09,WATCH,HOLD,236.1,662.29,5.20,9.00,9.41,8.40,5.00,2.0142,-7.8054,0,0,0,0,0,0
2026-03-16,RKLB,6.06,MARKET_NOISE,HOLD_NOISE,71.31,662.29,2.87,9.50,7.39,8.19,5.00,1.7973,5.9686,0,0,0,0,0,0
2026-03-16,SCCO,6.20,IDIOSYNCRATIC_DECAY,HOLD,176.8,662.29,9.08,9.50,0.00,7.00,5.00,1.1261,-12.4529,0,0,0,0,0,1
2026-03-16,KTOS,6.43,MARKET_NOISE,HOLD_NOISE,89.53,662.29,4.07,10.00,7.78,7.31,5.00,0.9295,3.7006,0,0,0,0,0,0
2026-03-16,AGX,6.95,MARKET_NOISE,HOLD_NOISE,466.52,662.29,9.97,10.00,5.56,6.32,2.00,0.9778,12.6684,0,0,0,0,0,0
2026-03-16,BNO,4.47,MARKET_NOISE,HOLD_NOISE,47.66,662.29,3.00,6.00,5.00,4.30,5.00,0.5840,51.5620,0,0,0,0,0,0
2026-03-16,LLY,7.34,MARKET_NOISE,HOLD_NOISE,989.12,662.29,7.69,9.50,7.69,7.01,5.00,0.6994,0.0310,0,0,0,0,0,0
2026-03-17,SPMO,4.68,MARKET_NOISE,HOLD_NOISE,117.35,669.03,3.00,7.03,5.00,4.60,5.00,1.1041,1.2057,0,0,0,0,0,0
2026-03-17,SMH,5.29,MARKET_NOISE,HOLD_NOISE,396.88,669.03,3.00,10.00,5.00,5.45,5.00,1.5744,-0.1729,0,0,0,0,0,0
2026-03-17,TPL,7.47,MARKET_NOISE,HOLD_NOISE,529.18,669.03,10.00,9.38,6.88,4.60,5.00,1.4018,30.5910,0,0,0,0,0,1
2026-03-17,MELI,6.31,IDIOSYNCRATIC_DECAY,HOLD,1728.14,669.03,7.01,4.50,9.35,4.60,5.00,0.7518,-12.3349,0,0,0,0,0,1
2026-03-17,VRT,7.48,MARKET_NOISE,HOLD_NOISE,268.41,669.03,8.75,10.00,8.28,4.56,5.00,1.9621,15.4612,0,0,0,0,0,1
2026-03-17,MU,7.38,MARKET_NOISE,HOLD_NOISE,461.69,669.03,7.66,10.00,8.89,5.18,5.00,2.0104,10.3347,0,0,0,0,0,1
2026-03-17,AVNV,5.14,WATCH,HOLD,79.25,669.03,3.00,9.50,5.00,5.00,5.00,0.5889,-4.4836,0,0,0,0,0,0
2026-03-17,BWXT,6.05,MARKET_NOISE,HOLD_NOISE,207.48,669.03,4.91,10.00,6.67,4.60,5.00,0.9670,5.6835,0,0,0,0,0,0
2026-03-17,GEV,7.61,MARKET_NOISE,HOLD_NOISE,844.05,669.03,9.29,10.00,8.13,4.60,5.00,1.3910,3.8230,0,0,0,0,0,0
2026-03-17,CRWD,4.62,MARKET_NOISE,HOLD_NOISE,433.2,669.03,2.75,5.00,6.67,4.60,5.00,1.3668,5.4443,0,0,0,0,0,0
2026-03-17,SHLD,5.22,MARKET_NOISE,HOLD_NOISE,76.93,669.03,3.00,10.00,5.00,5.00,5.00,0.5594,8.8705,0,0,0,0,0,0
2026-03-17,FTAI,6.74,IDIOSYNCRATIC_DECAY,HOLD,236.65,669.03,5.20,9.50,9.41,5.56,5.00,2.0142,-10.4736,0,0,0,0,0,0
2026-03-17,RKLB,5.60,MARKET_NOISE,HOLD_NOISE,78.59,669.03,2.87,10.00,7.39,4.59,5.00,1.7973,11.2582,0,0,0,0,0,0
2026-03-17,SCCO,5.84,IDIOSYNCRATIC_DECAY,HOLD,177.02,669.03,9.08,9.50,0.00,4.60,5.00,1.1261,-8.6161,0,0,0,0,0,1
2026-03-17,KTOS,6.02,MARKET_NOISE,HOLD_NOISE,95.31,669.03,4.07,10.00,7.78,4.60,5.00,0.9295,4.5189,0,0,0,0,0,0
2026-03-17,AGX,6.82,MARKET_NOISE,HOLD_NOISE,473.63,669.03,9.97,10.00,5.56,5.44,2.00,0.9778,14.5381,0,0,0,0,0,0
2026-03-17,BNO,4.65,MARKET_NOISE,HOLD_NOISE,49.4,669.03,3.00,6.00,5.00,5.44,5.00,0.5840,50.5474,0,0,0,0,0,0
2026-03-17,LLY,7.08,WATCH,HOLD,930.35,669.03,7.69,9.33,7.69,5.45,5.00,0.6994,-3.4773,0,0,0,0,0,0
2026-03-18,SPMO,4.59,MARKET_NOISE,HOLD_NOISE,116.06,670.79,3.00,6.45,5.00,4.60,5.00,1.1028,1.0118,0,0,0,0,0,0
2026-03-18,SMH,5.21,MARKET_NOISE,HOLD_NOISE,393.67,670.79,3.00,10.00,5.00,4.92,5.00,1.5726,-0.1306,0,0,0,0,0,0
2026-03-18,TPL,7.44,MARKET_NOISE,HOLD_NOISE,530.08,670.79,10.00,9.23,6.88,4.59,5.00,1.4080,24.6710,0,0,0,0,0,1
2026-03-18,MELI,6.44,IDIOSYNCRATIC_DECAY,HOLD,1690.26,670.79,7.01,4.50,9.35,5.45,5.00,0.7402,-11.8928,0,0,0,0,0,1
2026-03-18,VRT,7.56,MARKET_NOISE,HOLD_NOISE,264.71,670.79,8.75,10.00,8.28,5.14,5.00,1.9419,17.5677,0,0,0,0,0,1
2026-03-18,MU,7.38,MARKET_NOISE,HOLD_NOISE,461.73,670.79,7.66,10.00,8.89,5.19,5.00,2.0061,15.3783,0,0,0,0,0,1
2026-03-18,AVNV,5.14,WATCH,HOLD,78.12,670.79,3.00,9.50,5.00,5.00,5.00,0.5947,-4.3266,0,0,0,0,0,0
2026-03-18,BWXT,6.05,MARKET_NOISE,HOLD_NOISE,208.98,670.79,4.91,10.00,6.67,4.60,5.00,0.9596,5.0757,0,0,0,0,0,0
2026-03-18,GEV,7.61,MARKET_NOISE,HOLD_NOISE,858.47,670.79,9.29,10.00,8.13,4.60,5.00,1.3744,7.4355,0,0,0,0,0,0
2026-03-18,CRWD,4.66,MARKET_NOISE,HOLD_NOISE,435.81,670.79,2.75,5.00,6.67,4.89,5.00,1.3569,3.0100,0,0,0,0,0,0
2026-03-18,SHLD,5.22,MARKET_NOISE,HOLD_NOISE,76.06,670.79,3.00,10.00,5.00,5.00,5.00,0.5640,7.4432,0,0,0,0,0,0
2026-03-18,FTAI,6.60,IDIOSYNCRATIC_DECAY,HOLD,240.49,670.79,5.20,9.50,9.41,4.60,5.00,2.0003,-12.2212,0,0,0,0,0,0
2026-03-18,RKLB,5.60,MARKET_NOISE,HOLD_NOISE,69.48,670.79,2.87,10.00,7.39,4.60,5.00,1.7749,19.3866,0,0,0,0,0,0
2026-03-18,SCCO,5.84,IDIOSYNCRATIC_DECAY,HOLD,166.72,670.79,9.08,9.50,0.00,4.60,5.00,1.1369,-8.7682,0,0,0,0,0,1
2026-03-18,KTOS,6.02,MARKET_NOISE,HOLD_NOISE,93.04,670.79,4.07,10.00,7.78,4.60,5.00,0.9032,8.4697,0,0,0,0,0,0
2026-03-18,AGX,6.81,MARKET_NOISE,HOLD_NOISE,469.81,670.79,9.97,10.00,5.56,5.42,2.00,0.9751,17.1012,0,0,0,0,0,0
2026-03-18,BNO,4.64,MARKET_NOISE,HOLD_NOISE,52.16,670.79,3.00,6.00,5.00,5.42,5.00,0.5650,55.8159,0,0,0,0,0,0
2026-03-18,LLY,6.74,IDIOSYNCRATIC_DECAY,HOLD,918.05,670.79,7.69,8.07,7.69,4.53,5.00,0.7070,-9.4067,0,0,0,0,0,0
2026-03-19,SPMO,4.65,MARKET_NOISE,HOLD_NOISE,116.06,661.43,3.00,6.43,5.00,5.00,5.00,1.1028,1.1035,0,0,0,0,0,0
2026-03-19,SMH,5.22,MARKET_NOISE,HOLD_NOISE,393.67,661.43,3.00,10.00,5.00,5.00,5.00,1.5760,1.5474,0,0,0,0,0,0
2026-03-19,TPL,7.49,MARKET_NOISE,HOLD_NOISE,530.08,661.43,10.00,9.17,6.88,5.00,5.00,1.4006,28.7029,0,0,0,0,0,1
2026-03-19,MELI,6.37,IDIOSYNCRATIC_DECAY,HOLD,1690.26,661.43,7.01,4.50,9.35,5.00,5.00,0.7320,-12.1433,0,0,0,0,0,1
2026-03-19,VRT,7.54,MARKET_NOISE,HOLD_NOISE,264.71,661.43,8.75,10.00,8.28,5.00,5.00,1.9304,14.7524,0,0,0,0,0,1
2026-03-19,MU,7.35,MARKET_NOISE,HOLD_NOISE,461.73,661.43,7.66,10.00,8.89,5.00,5.00,2.0132,21.8110,0,0,0,0,0,1
2026-03-19,AVNV,5.14,WATCH,HOLD,78.12,661.43,3.00,9.50,5.00,5.00,5.00,0.5962,-4.6623,0,0,0,0,0,0
2026-03-19,BWXT,6.11,MARKET_NOISE,HOLD_NOISE,208.98,661.43,4.91,10.00,6.67,5.00,5.00,0.9521,6.9102,0,0,0,0,0,0
2026-03-19,GEV,7.67,MARKET_NOISE,HOLD_NOISE,858.47,661.43,9.29,10.00,8.13,5.00,5.00,1.3622,9.0732,0,0,0,0,0,0
2026-03-19,CRWD,4.68,MARKET_NOISE,HOLD_NOISE,435.81,661.43,2.75,5.00,6.67,5.00,5.00,1.3523,9.4376,0,0,0,0,0,0
2026-03-19,SHLD,5.22,MARKET_NOISE,HOLD_NOISE,76.06,661.43,3.00,10.00,5.00,5.00,5.00,0.5693,6.9283,0,0,0,0,0,0
2026-03-19,FTAI,6.66,IDIOSYNCRATIC_DECAY,HOLD,240.49,661.43,5.20,9.50,9.41,5.00,5.00,1.9823,-9.6208,0,0,0,0,0,0
2026-03-19,RKLB,5.66,MARKET_NOISE,HOLD_NOISE,69.48,661.43,2.87,10.00,7.39,5.00,5.00,1.7651,4.9503,0,0,0,0,0,0
2026-03-19,SCCO,5.90,WATCH,HOLD,166.72,661.43,9.08,9.50,0.00,5.00,5.00,1.1382,-7.7487,0,0,0,0,0,1
2026-03-19,KTOS,6.08,MARKET_NOISE,HOLD_NOISE,93.04,661.43,4.07,10.00,7.78,5.00,5.00,0.8940,3.9679,0,0,0,0,0,0
2026-03-19,AGX,6.75,MARKET_NOISE,HOLD_NOISE,469.81,661.43,9.97,10.00,5.56,5.00,2.00,0.9704,18.5106,0,0,0,0,0,0
2026-03-19,BNO,4.58,MARKET_NOISE,HOLD_NOISE,52.16,661.43,3.00,6.00,5.00,5.00,5.00,0.5667,65.9061,0,0,0,0,0,0
2026-03-19,LLY,6.80,IDIOSYNCRATIC_DECAY,HOLD,918.05,661.43,7.69,8.02,7.69,5.00,5.00,0.7032,-9.1836,0,0,0,0,0,0
2026-03-19,SPMO,4.58,MARKET_NOISE,HOLD_NOISE,115.88,661.43,3.00,6.36,5.00,4.60,5.00,1.1028,1.1035,0,0,0,0,0,0
2026-03-19,SMH,5.25,MARKET_NOISE,HOLD_NOISE,394.92,661.43,3.00,10.00,5.00,5.21,5.00,1.5760,1.5474,0,0,0,0,0,0
2026-03-19,TPL,7.43,MARKET_NOISE,HOLD_NOISE,532.52,661.43,10.00,9.17,6.88,4.60,5.00,1.4006,28.7029,0,0,0,0,0,1
2026-03-19,MELI,6.31,IDIOSYNCRATIC_DECAY,HOLD,1666.93,661.43,7.01,4.50,9.35,4.60,5.00,0.7320,-12.1433,0,0,0,0,0,1
2026-03-19,VRT,7.48,MARKET_NOISE,HOLD_NOISE,269.17,661.43,8.75,10.00,8.28,4.60,5.00,1.9304,14.7524,0,0,0,0,0,1
2026-03-19,MU,7.37,MARKET_NOISE,HOLD_NOISE,444.27,661.43,7.66,10.00,8.89,5.13,5.00,2.0132,21.8110,0,0,0,0,0,1
2026-03-19,AVNV,5.14,WATCH,HOLD,77.784,661.43,3.00,9.50,5.00,5.00,5.00,0.5962,-4.6623,0,0,0,0,0,0
2026-03-19,BWXT,6.05,MARKET_NOISE,HOLD_NOISE,210.12,661.43,4.91,10.00,6.67,4.59,5.00,0.9521,6.9102,0,0,0,0,0,0
2026-03-19,GEV,7.61,MARKET_NOISE,HOLD_NOISE,877.39,661.43,9.29,10.00,8.13,4.60,5.00,1.3622,9.0732,0,0,0,0,0,0
2026-03-19,CRWD,4.76,MARKET_NOISE,HOLD_NOISE,428.18,661.43,2.75,5.00,6.67,5.56,5.00,1.3523,9.4376,0,0,0,0,0,0
2026-03-19,SHLD,5.22,MARKET_NOISE,HOLD_NOISE,75.88,661.43,3.00,10.00,5.00,5.00,5.00,0.5693,6.9283,0,0,0,0,0,0
2026-03-19,FTAI,6.60,IDIOSYNCRATIC_DECAY,HOLD,240.14,661.43,5.20,9.50,9.41,4.60,5.00,1.9823,-9.6208,0,0,0,0,0,0
2026-03-19,RKLB,5.73,MARKET_NOISE,HOLD_NOISE,71.93,661.43,2.87,10.00,7.39,5.46,5.00,1.7651,4.9503,0,0,0,0,0,0
2026-03-19,SCCO,5.84,WATCH,HOLD,159.81,661.43,9.08,9.50,0.00,4.60,5.00,1.1382,-7.7487,0,0,0,0,0,1
2026-03-19,KTOS,6.02,MARKET_NOISE,HOLD_NOISE,92.78,661.43,4.07,10.00,7.78,4.60,5.00,0.8940,3.9679,0,0,0,0,0,0
2026-03-19,AGX,6.69,MARKET_NOISE,HOLD_NOISE,479.9,661.43,9.97,10.00,5.56,4.58,2.00,0.9704,18.5106,0,0,0,0,0,0
2026-03-19,BNO,4.52,MARKET_NOISE,HOLD_NOISE,51.14,661.43,3.00,6.00,5.00,4.60,5.00,0.5667,65.9061,0,0,0,0,0,0
2026-03-19,LLY,6.72,IDIOSYNCRATIC_DECAY,HOLD,917.5,661.43,7.69,7.99,7.69,4.46,5.00,0.7032,-9.1836,0,0,0,0,0,0
2026-03-20,SPMO,4.43,MARKET_NOISE,HOLD_NOISE,113.78,659.8,3.00,5.44,5.00,4.60,5.00,1.1870,1.6907,0,0,0,0,0,0
2026-03-20,SMH,5.28,MARKET_NOISE,HOLD_NOISE,384.74,659.8,3.00,10.00,5.00,5.41,5.00,2.1490,4.0214,0,0,0,0,0,0
2026-03-20,TPL,6.82,MARKET_NOISE,HOLD_NOISE,519.41,659.8,7.97,8.99,6.88,4.60,5.00,0.6780,23.4491,0,0,0,0,0,1
2026-03-20,MELI,6.04,IDIOSYNCRATIC_DECAY,INSUFFICIENT_DATA,1635.76,659.8,6.36,4.00,9.35,4.60,5.00,1.3198,-11.9348,0,0,0,0,0,1
2026-03-20,VRT,7.20,MARKET_NOISE,HOLD_NOISE,255.88,659.8,7.77,10.00,8.28,4.60,5.00,2.8770,21.7787,0,0,0,0,0,1
2026-03-20,MU,6.84,MARKET_NOISE,HOLD_NOISE,422.9,659.8,6.15,10.00,8.89,4.51,5.00,2.9040,16.7491,0,0,0,0,0,1
2026-03-20,AVNV,5.05,WATCH,INSUFFICIENT_DATA,75.6663,659.8,3.00,8.91,5.00,5.00,5.00,0.9121,-3.7357,0,0,0,0,0,0
2026-03-20,BWXT,6.02,MARKET_NOISE,HOLD_NOISE,199.75,659.8,4.80,10.00,6.67,4.60,5.00,2.1528,12.2009,0,0,0,0,0,0
2026-03-20,GEV,7.32,MARKET_NOISE,HOLD_NOISE,851.07,659.8,8.01,10.00,8.13,5.17,5.00,1.6634,13.7400,0,0,0,0,0,0
2026-03-20,CRWD,4.65,MARKET_NOISE,HOLD_NOISE,408.99,659.8,2.83,5.00,6.67,4.60,5.00,1.3128,8.0544,0,0,0,0,0,0
2026-03-20,SHLD,5.22,MARKET_NOISE,HOLD_NOISE,73.14,659.8,3.00,10.00,5.00,5.00,5.00,0.8798,5.6737,0,0,0,0,0,0
2026-03-20,RKLB,5.62,MARKET_NOISE,HOLD_NOISE,67.23,659.8,2.93,10.00,7.39,4.60,5.00,3.5926,10.5213,0,0,0,0,0,0
2026-03-20,SCCO,5.36,IDIOSYNCRATIC_DECAY,INSUFFICIENT_DATA,152.71,659.8,7.68,9.00,0.00,4.60,5.00,2.0937,-8.9695,0,0,0,0,0,1
2026-03-20,KTOS,5.63,MARKET_NOISE,HOLD_NOISE,84.62,659.8,2.70,10.00,7.78,4.60,5.00,2.0411,3.3213,0,0,0,0,0,0
2026-03-20,AGX,6.19,MARKET_NOISE,HOLD_NOISE,473.85,659.8,8.25,10.00,5.56,4.59,2.00,1.7838,22.7695,0,0,0,0,0,0
2026-03-20,BNO,4.52,MARKET_NOISE,HOLD_NOISE,52.92,659.8,3.00,6.00,5.00,4.60,5.00,0.1000,54.0980,0,0,0,0,0,0
2026-03-20,LLY,6.58,IDIOSYNCRATIC_DECAY,INSUFFICIENT_DATA,906.7,659.8,7.34,7.34,7.69,4.89,5.00,0.2759,-9.0335,0,0,0,0,0,0
2026-03-20,CRS,6.94,MARKET_NOISE,HOLD_NOISE,362.4,659.8,6.60,10.00,8.46,4.91,5.00,1.2634,6.4644,0,0,0,0,0,0
2026-03-21,SPMO,4.97,MARKET_NOISE,HOLD_NOISE,113.8,648.57,5.00,4.94,5.00,5.00,5.00,1.1625,1.3998,0,0,0,0,0,0
2026-03-21,SMH,7.25,MARKET_NOISE,HOLD_NOISE,384.76,648.57,5.00,9.50,5.00,5.00,5.00,2.0678,4.6414,0,0,0,0,0,0
2026-03-21,TPL,7.49,MARKET_NOISE,HOLD_NOISE,519.43,648.57,9.61,10.00,6.88,5.00,5.00,1.0013,12.0048,0,0,0,0,0,1
2026-03-21,MELI,6.31,IDIOSYNCRATIC_DECAY,INSUFFICIENT_DATA,1635.78,648.57,6.54,4.00,9.35,5.00,5.00,1.3161,-11.1661,0,0,0,0,0,1
2026-03-21,VRT,7.04,MARKET_NOISE,HOLD_NOISE,255.9,648.57,7.53,10.00,8.28,5.00,5.00,2.7916,19.9198,0,0,0,0,0,1
2026-03-21,MU,6.85,MARKET_NOISE,HOLD_NOISE,422.92,648.57,6.62,10.00,8.89,5.00,5.00,2.9245,16.6726,0,0,0,0,0,1
2026-03-21,AVNV,6.69,WATCH,INSUFFICIENT_DATA,75.69,648.57,5.00,8.39,5.00,5.00,5.00,0.9872,-4.5807,0,0,0,0,0,0
2026-03-21,BWXT,5.81,MARKET_NOISE,HOLD_NOISE,199.77,648.57,4.94,10.00,6.67,5.00,5.00,2.2023,7.0959,0,0,0,0,0,0
2026-03-21,GEV,7.74,MARKET_NOISE,HOLD_NOISE,851.09,648.57,9.61,10.00,8.13,5.00,5.00,1.4260,9.4533,0,0,0,0,0,0
2026-03-21,CRWD,4.56,MARKET_NOISE,HOLD_NOISE,409.01,648.57,2.80,5.00,6.67,5.00,5.00,1.3459,3.9459,0,0,0,0,0,0
2026-03-21,SHLD,7.25,MARKET_NOISE,HOLD_NOISE,73.16,648.57,5.00,9.50,5.00,5.00,5.00,0.9761,1.7137,0,0,0,0,0,0
2026-03-21,RKLB,5.20,MARKET_NOISE,ADD,67.25,648.57,2.91,9.50,7.39,5.00,5.00,3.6593,6.9885,0,0,0,0,0,0
2026-03-21,SCCO,5.52,IDIOSYNCRATIC_DECAY,INSUFFICIENT_DATA,152.73,648.57,8.20,9.00,0.00,5.00,5.00,2.2327,-9.5986,0,0,0,0,0,1
2026-03-21,KTOS,5.80,IDIOSYNCRATIC_DECAY,INSUFFICIENT_DATA,84.64,648.57,4.41,9.50,7.78,5.00,5.00,2.2277,-8.2335,0,0,0,0,0,0
2026-03-21,AGX,6.37,MARKET_NOISE,HOLD_NOISE,473.87,648.57,8.87,10.00,5.56,5.00,2.00,1.5579,17.8148,0,0,0,0,0,0
2026-03-21,BNO,4.19,MARKET_NOISE,HOLD_NOISE,52.94,648.57,2.40,6.00,5.00,5.00,5.00,0.1000,56.1259,0,0,0,0,0,0
2026-03-21,LLY,6.97,IDIOSYNCRATIC_DECAY,INSUFFICIENT_DATA,906.72,648.57,8.44,7.29,7.69,5.00,5.00,0.2797,-9.9203,0,0,0,0,0,0
2026-03-21,CRS,6.78,MARKET_NOISE,HOLD_NOISE,362.42,648.57,6.81,9.50,8.46,5.00,5.00,1.3571,1.4999,0,0,0,0,0,0
2026-03-24,SPMO,5.37,MARKET_NOISE,HOLD_NOISE,114.53,655.38,5.00,5.73,5.00,5.00,5.00,1.1425,1.1162,0,0,0,0,0,0
2026-03-24,SMH,7.50,MARKET_NOISE,HOLD_NOISE,391.36,655.38,5.00,10.00,5.00,5.00,5.00,2.0339,4.3418,0,0,0,0,0,0
2026-03-24,TPL,7.49,MARKET_NOISE,HOLD_NOISE,527.87,655.38,9.61,10.00,6.88,5.00,5.00,0.9963,10.5201,0,0,0,0,0,1
2026-03-24,MELI,6.36,IDIOSYNCRATIC_DECAY,INSUFFICIENT_DATA,1666.08,655.38,6.54,4.50,9.35,5.00,5.00,1.2980,-10.1549,0,0,0,0,0,1
2026-03-24,VRT,7.04,MARKET_NOISE,HOLD_NOISE,256,655.38,7.53,10.00,8.28,5.00,5.00,2.6751,18.2377,0,0,0,0,0,1
2026-03-24,MU,6.85,MARKET_NOISE,HOLD_NOISE,404.35,655.38,6.62,10.00,8.89,5.00,5.00,2.5128,6.8472,0,0,0,0,0,1
2026-03-24,AVNV,7.25,WATCH,INSUFFICIENT_DATA,77.242,655.38,5.00,9.50,5.00,5.00,5.00,1.0596,-3.6473,0,0,0,0,0,0
2026-03-24,BWXT,5.81,MARKET_NOISE,ADD,204.85,655.38,4.94,10.00,6.67,5.00,5.00,2.2082,10.1359,0,0,0,0,0,0
2026-03-24,GEV,7.74,MARKET_NOISE,ADD,882.64,655.38,9.61,10.00,8.13,5.00,5.00,1.4207,13.3154,0,0,0,0,0,0
2026-03-24,CRWD,4.56,MARKET_NOISE,ADD,413.31,655.38,2.80,5.00,6.67,5.00,5.00,1.3242,12.8988,0,0,0,0,0,0
2026-03-24,SHLD,7.25,MARKET_NOISE,HOLD_NOISE,73.06,655.38,5.00,9.50,5.00,5.00,5.00,0.9280,1.4027,0,0,0,0,0,0
2026-03-24,RKLB,5.25,MARKET_NOISE,ADD,68,655.38,2.91,10.00,7.39,5.00,5.00,3.3895,12.7040,0,0,0,0,0,0
2026-03-24,SCCO,5.57,IDIOSYNCRATIC_DECAY,INSUFFICIENT_DATA,159.59,655.38,8.20,9.50,0.00,5.00,5.00,2.3195,-9.1505,0,0,0,0,0,1
2026-03-24,KTOS,5.80,MARKET_NOISE,HOLD_NOISE,83.69,655.38,4.41,9.50,7.78,5.00,5.00,2.1049,-2.4997,0,0,0,0,0,0
2026-03-24,AGX,6.37,MARKET_NOISE,HOLD_NOISE,463.15,655.38,8.87,10.00,5.56,5.00,2.00,1.3299,12.4046,0,0,0,0,0,0
2026-03-24,BNO,4.59,MARKET_NOISE,HOLD_NOISE,47.88,655.38,2.40,10.00,5.00,5.00,5.00,0.1000,41.8162,0,0,0,0,0,0
2026-03-24,LLY,6.99,IDIOSYNCRATIC_DECAY,INSUFFICIENT_DATA,910.55,655.38,8.44,7.47,7.69,5.00,5.00,0.2577,-8.5307,0,0,0,0,0,0
2026-03-24,CRS,6.83,MARKET_NOISE,HOLD_NOISE,373.19,655.38,6.81,10.00,8.46,5.00,5.00,1.3885,2.6136,0,0,0,0,0,0
2026-03-24,SPMO,5.31,MARKET_NOISE,HOLD_NOISE,114.84,655.38,5.00,5.86,5.00,4.60,5.00,1.1425,1.1162,0,0,0,0,0,0
2026-03-24,SMH,7.38,MARKET_NOISE,HOLD_NOISE,394.59,655.38,5.00,10.00,5.00,4.60,5.00,2.0339,4.3418,0,0,0,0,0,0
2026-03-24,TPL,7.43,MARKET_NOISE,HOLD_NOISE,535.26,655.38,9.61,10.00,6.88,4.60,5.00,0.9963,10.5201,0,0,0,0,0,1
2026-03-24,MELI,6.25,IDIOSYNCRATIC_DECAY,INSUFFICIENT_DATA,1612.02,655.38,6.54,4.50,9.35,4.29,5.00,1.2980,-10.1549,0,0,0,0,0,1
2026-03-24,VRT,6.98,MARKET_NOISE,HOLD_NOISE,270.89,655.38,7.53,10.00,8.28,4.60,5.00,2.6751,18.2377,0,0,0,0,0,1
2026-03-24,MU,6.78,MARKET_NOISE,HOLD_NOISE,395.53,655.38,6.62,10.00,8.89,4.59,5.00,2.5128,6.8472,0,0,0,0,0,1
2026-03-24,AVNV,7.25,WATCH,INSUFFICIENT_DATA,76.938,655.38,5.00,9.50,5.00,5.00,5.00,1.0596,-3.6473,0,0,0,0,0,0
2026-03-24,BWXT,5.88,MARKET_NOISE,ADD,204.76,655.38,4.94,10.00,6.67,5.42,5.00,2.2082,10.1359,0,0,0,0,0,0
2026-03-24,GEV,7.68,MARKET_NOISE,ADD,909.41,655.38,9.61,10.00,8.13,4.60,5.00,1.4207,13.3154,0,0,0,0,0,0
2026-03-24,CRWD,4.63,MARKET_NOISE,ADD,392.99,655.38,2.80,5.00,6.67,5.42,5.00,1.3242,12.8988,0,0,0,0,0,0
2026-03-24,SHLD,7.25,MARKET_NOISE,HOLD_NOISE,72.19,655.38,5.00,9.50,5.00,5.00,5.00,0.9280,1.4027,0,0,0,0,0,0
2026-03-24,RKLB,5.31,MARKET_NOISE,ADD,66.07,655.38,2.91,10.00,7.39,5.44,5.00,3.3895,12.7040,0,0,0,0,0,0
2026-03-24,SCCO,5.62,IDIOSYNCRATIC_DECAY,INSUFFICIENT_DATA,159.88,655.38,8.20,9.50,0.00,5.31,5.00,2.3195,-9.1505,0,0,0,0,0,1
2026-03-24,KTOS,5.49,MARKET_NOISE,HOLD_NOISE,77.49,655.38,4.39,7.12,7.78,4.60,5.00,2.1049,-2.4997,0,0,0,0,0,0
2026-03-24,AGX,6.31,MARKET_NOISE,HOLD_NOISE,444.83,655.38,8.87,10.00,5.56,4.59,2.00,1.3299,12.4046,0,0,0,0,0,0
2026-03-24,BNO,4.59,MARKET_NOISE,HOLD_NOISE,49.7,655.38,2.40,10.00,5.00,5.00,5.00,0.1000,41.8162,0,0,0,0,0,0
2026-03-24,LLY,7.02,IDIOSYNCRATIC_DECAY,INSUFFICIENT_DATA,903.02,655.38,8.44,7.04,7.69,5.49,5.00,0.2577,-8.5307,0,0,0,0,0,0
2026-03-24,CRS,6.89,MARKET_NOISE,HOLD_NOISE,399.47,655.38,6.81,10.00,8.46,5.41,5.00,1.3885,2.6136,0,0,0,0,0,0
2026-03-24,SPMO,5.31,MARKET_NOISE,HOLD_NOISE,114.84,655.38,5.00,5.86,5.00,4.60,5.00,1.1425,1.1162,0,0,0,0,0,0
2026-03-24,SMH,7.38,MARKET_NOISE,HOLD_NOISE,394.59,655.38,5.00,10.00,5.00,4.60,5.00,2.0339,4.3418,0,0,0,0,0,0
2026-03-24,TPL,7.43,MARKET_NOISE,HOLD_NOISE,535.26,655.38,9.61,10.00,6.88,4.60,5.00,0.9963,10.5201,0,0,0,0,0,1
2026-03-24,MELI,6.25,IDIOSYNCRATIC_DECAY,INSUFFICIENT_DATA,1612.02,655.38,6.54,4.50,9.35,4.29,5.00,1.2980,-10.1549,0,0,0,0,0,1
2026-03-24,VRT,6.98,MARKET_NOISE,HOLD_NOISE,270.89,655.38,7.53,10.00,8.28,4.60,5.00,2.6751,18.2377,0,0,0,0,0,1
2026-03-24,MU,6.78,MARKET_NOISE,HOLD_NOISE,395.53,655.38,6.62,10.00,8.89,4.59,5.00,2.5128,6.8472,0,0,0,0,0,1
2026-03-24,AVNV,7.25,WATCH,INSUFFICIENT_DATA,76.938,655.38,5.00,9.50,5.00,5.00,5.00,1.0596,-3.6473,0,0,0,0,0,0
2026-03-24,BWXT,5.88,MARKET_NOISE,ADD,204.76,655.38,4.94,10.00,6.67,5.42,5.00,2.2082,10.1359,0,0,0,0,0,0
2026-03-24,GEV,7.68,MARKET_NOISE,ADD,909.41,655.38,9.61,10.00,8.13,4.60,5.00,1.4207,13.3154,0,0,0,0,0,0
2026-03-24,CRWD,4.63,MARKET_NOISE,ADD,392.99,655.38,2.80,5.00,6.67,5.42,5.00,1.3242,12.8988,0,0,0,0,0,0
2026-03-24,SHLD,7.25,MARKET_NOISE,HOLD_NOISE,72.19,655.38,5.00,9.50,5.00,5.00,5.00,0.9280,1.4027,0,0,0,0,0,0
2026-03-24,RKLB,5.31,MARKET_NOISE,ADD,66.07,655.38,2.91,10.00,7.39,5.44,5.00,3.3895,12.7040,0,0,0,0,0,0
2026-03-24,SCCO,5.62,IDIOSYNCRATIC_DECAY,INSUFFICIENT_DATA,159.88,655.38,8.20,9.50,0.00,5.31,5.00,2.3195,-9.1505,0,0,0,0,0,1
2026-03-24,KTOS,5.49,MARKET_NOISE,HOLD_NOISE,77.49,655.38,4.39,7.12,7.78,4.60,5.00,2.1049,-2.4997,0,0,0,0,0,0
2026-03-24,AGX,6.31,MARKET_NOISE,HOLD_NOISE,444.83,655.38,8.87,10.00,5.56,4.59,2.00,1.3299,12.4046,0,0,0,0,0,0
2026-03-24,BNO,4.59,MARKET_NOISE,HOLD_NOISE,49.7,655.38,2.40,10.00,5.00,5.00,5.00,0.1000,41.8162,0,0,0,0,0,0
2026-03-24,LLY,7.02,IDIOSYNCRATIC_DECAY,INSUFFICIENT_DATA,903.02,655.38,8.44,7.04,7.69,5.49,5.00,0.2577,-8.5307,0,0,0,0,0,0
2026-03-24,CRS,6.89,MARKET_NOISE,HOLD_NOISE,399.47,655.38,6.81,10.00,8.46,5.41,5.00,1.3885,2.6136,0,0,0,0,0,0
2026-03-25,SPMO,5.40,MARKET_NOISE,HOLD_NOISE,115.32,653.18,5.00,6.05,5.00,4.60,5.00,1.1219,2.1741,0,0,0,0,0,0
2026-03-25,SMH,7.38,MARKET_NOISE,HOLD_NOISE,399.02,653.18,5.00,10.00,5.00,4.60,5.00,2.0053,4.1540,0,0,0,0,0,0
2026-03-25,TPL,7.40,MARKET_NOISE,HOLD_NOISE,530.36,653.18,9.61,9.66,6.88,4.60,5.00,1.0135,10.7834,0,0,0,0,0,1
2026-03-25,MELI,6.25,WATCH,INSUFFICIENT_DATA,1639.47,653.18,6.54,4.00,9.35,4.60,5.00,1.2982,-7.9826,0,0,0,0,0,1
2026-03-25,VRT,6.98,MARKET_NOISE,HOLD_NOISE,276.16,653.18,7.53,10.00,8.28,4.60,5.00,2.6157,21.5747,0,0,0,0,0,1
2026-03-25,MU,6.88,MARKET_NOISE,HOLD_NOISE,382.09,653.18,6.62,10.00,8.89,5.23,5.00,2.4471,4.4316,0,0,0,0,0,1
2026-03-25,AVNV,7.25,WATCH,INSUFFICIENT_DATA,78.2252,653.18,5.00,9.50,5.00,5.00,5.00,1.0614,-4.5456,0,0,0,0,0,0
2026-03-25,BWXT,5.88,MARKET_NOISE,ADD,222.13,653.18,4.94,10.00,6.67,5.42,5.00,2.1774,12.5366,0,0,0,0,0,0
2026-03-25,GEV,7.82,MARKET_NOISE,ADD,923.69,653.18,9.61,10.00,8.13,5.53,5.00,1.3713,15.2136,0,0,0,0,0,0
2026-03-25,CRWD,4.49,MARKET_NOISE,ADD,385.86,653.18,2.80,4.50,6.67,4.87,5.00,1.3544,17.9746,0,0,0,0,0,0
2026-03-25,SHLD,7.13,MARKET_NOISE,HOLD_NOISE,73.53,653.18,5.00,9.50,5.00,4.60,5.00,0.9130,1.0159,0,0,0,0,0,0
2026-03-25,RKLB,5.14,MARKET_NOISE,ADD,72.88,653.18,2.91,9.50,7.39,4.60,5.00,3.1249,7.4795,0,0,0,0,0,0
2026-03-25,SCCO,5.64,IDIOSYNCRATIC_DECAY,INSUFFICIENT_DATA,165.49,653.18,8.20,9.50,0.00,5.46,5.00,2.3260,-12.8254,0,0,0,0,0,1
2026-03-25,KTOS,5.64,IDIOSYNCRATIC_DECAY,INSUFFICIENT_DATA,79.98,653.18,4.39,8.61,7.78,4.58,5.00,2.0885,-8.8949,0,0,0,0,0,0
2026-03-25,AGX,6.30,MARKET_NOISE,HOLD_NOISE,437.48,653.18,8.87,10.00,5.56,4.58,2.00,1.3224,6.3669,0,0,0,0,0,0
2026-03-25,BNO,4.56,MARKET_NOISE,HOLD_NOISE,48.77,653.18,2.40,9.66,5.00,5.00,5.00,0.1000,47.0790,0,0,0,0,0,0
2026-03-25,LLY,7.10,IDIOSYNCRATIC_DECAY,INSUFFICIENT_DATA,916.31,653.18,8.44,7.75,7.69,5.55,5.00,0.2356,-13.6852,0,0,0,0,0,0
2026-03-25,CRS,6.77,MARKET_NOISE,ADD,406.64,653.18,6.81,10.00,8.46,4.60,5.00,1.3238,9.4143,0,0,0,0,0,0
2026-03-26,SPMO,4.63,MARKET_NOISE,HOLD_NOISE,111.34,656.82,5.00,4.50,5.00,4.60,5.00,1.1206,2.0887,0,0,0,0,0,0
2026-03-26,SMH,7.38,MARKET_NOISE,HOLD_NOISE,380.84,656.82,5.00,10.00,5.00,4.59,5.00,2.0112,4.1284,0,0,0,0,0,0
2026-03-26,TPL,7.43,MARKET_NOISE,HOLD_NOISE,522.28,656.82,9.61,10.00,6.88,4.60,5.00,0.9816,4.0609,0,0,0,0,0,1
2026-03-26,MELI,6.30,IDIOSYNCRATIC_DECAY,INSUFFICIENT_DATA,1630.99,656.82,6.54,4.50,9.35,4.60,5.00,1.3339,-8.7997,0,0,0,0,0,1
2026-03-26,VRT,6.98,MARKET_NOISE,HOLD_NOISE,252.4,656.82,7.53,10.00,8.28,4.59,5.00,2.5804,20.5508,0,0,0,0,0,1
2026-03-26,MU,6.79,MARKET_NOISE,HOLD_NOISE,355.46,656.82,6.62,9.50,8.89,4.97,5.00,2.3189,1.7067,0,0,0,0,0,1
2026-03-26,AVNV,7.18,WATCH,INSUFFICIENT_DATA,76.57,656.82,5.00,9.36,5.00,5.00,5.00,1.0788,-3.3191,0,0,0,0,0,0
2026-03-26,BWXT,5.90,MARKET_NOISE,ADD,205.09,656.82,4.94,10.00,6.67,5.55,5.00,2.3083,19.0172,0,0,0,0,0,0
2026-03-26,GEV,7.63,MARKET_NOISE,ADD,873.12,656.82,9.61,9.56,8.13,4.60,5.00,1.3925,11.1820,0,0,0,0,0,0
2026-03-26,CRWD,4.45,MARKET_NOISE,ADD,392.62,656.82,2.80,4.50,6.67,4.60,5.00,1.3184,16.0230,0,0,0,0,0,0
2026-03-26,SHLD,7.38,MARKET_NOISE,HOLD_NOISE,71.6,656.82,5.00,9.50,5.00,5.42,5.00,0.9152,2.2493,0,0,0,0,0,0
2026-03-26,RKLB,5.19,MARKET_NOISE,ADD,65.94,656.82,2.91,10.00,7.39,4.60,5.00,3.1200,18.0171,0,0,0,0,0,0
2026-03-26,SCCO,5.51,IDIOSYNCRATIC_DECAY,INSUFFICIENT_DATA,159.76,656.82,8.20,9.50,0.00,4.59,5.00,2.3505,-11.0133,0,0,0,0,0,1
2026-03-26,KTOS,5.36,MARKET_NOISE,HOLD_NOISE,75.86,656.82,4.39,5.83,7.78,4.59,5.00,1.9938,-2.9441,0,0,0,0,0,0
2026-03-26,AGX,6.31,MARKET_NOISE,HOLD_NOISE,410.85,656.82,8.87,10.00,5.56,4.59,2.00,1.2258,3.1838,0,0,0,0,0,0
2026-03-26,BNO,4.53,MARKET_NOISE,HOLD_NOISE,50.55,656.82,2.40,10.00,5.00,4.60,5.00,0.1000,44.2661,0,0,0,0,0,0
2026-03-26,LLY,6.90,IDIOSYNCRATIC_DECAY,INSUFFICIENT_DATA,897,656.82,8.44,7.13,7.69,4.60,5.00,0.2521,-10.9552,0,0,0,0,0,0
2026-03-26,CRS,6.91,MARKET_NOISE,ADD,391.62,656.82,6.81,10.00,8.46,5.54,5.00,1.3278,9.5083,0,0,0,0,0,0
2026-03-26,SPMO,4.63,MARKET_NOISE,HOLD_NOISE,111.34,656.82,5.00,4.50,5.00,4.60,5.00,1.1206,2.0887,0,0,0,0,0,0
2026-03-26,SMH,7.38,MARKET_NOISE,HOLD_NOISE,380.84,656.82,5.00,10.00,5.00,4.59,5.00,2.0112,4.1284,0,0,0,0,0,0
2026-03-26,TPL,7.43,MARKET_NOISE,HOLD_NOISE,522.28,656.82,9.61,10.00,6.88,4.60,5.00,0.9816,4.0609,0,0,0,0,0,1
2026-03-26,MELI,6.30,IDIOSYNCRATIC_DECAY,INSUFFICIENT_DATA,1630.99,656.82,6.54,4.50,9.35,4.60,5.00,1.3339,-8.7997,0,0,0,0,0,1
2026-03-26,VRT,6.98,MARKET_NOISE,HOLD_NOISE,252.4,656.82,7.53,10.00,8.28,4.59,5.00,2.5804,20.5508,0,0,0,0,0,1
2026-03-26,MU,6.79,MARKET_NOISE,HOLD_NOISE,355.46,656.82,6.62,9.50,8.89,4.97,5.00,2.3189,1.7067,0,0,0,0,0,1
2026-03-26,AVNV,7.18,WATCH,INSUFFICIENT_DATA,76.57,656.82,5.00,9.36,5.00,5.00,5.00,1.0788,-3.3191,0,0,0,0,0,0
2026-03-26,BWXT,5.90,MARKET_NOISE,ADD,205.09,656.82,4.94,10.00,6.67,5.55,5.00,2.3083,19.0172,0,0,0,0,0,0
2026-03-26,GEV,7.63,MARKET_NOISE,ADD,873.12,656.82,9.61,9.56,8.13,4.60,5.00,1.3925,11.1820,0,0,0,0,0,0
2026-03-26,CRWD,4.45,MARKET_NOISE,ADD,392.62,656.82,2.80,4.50,6.67,4.60,5.00,1.3184,16.0230,0,0,0,0,0,0
2026-03-26,SHLD,7.38,MARKET_NOISE,HOLD_NOISE,71.6,656.82,5.00,9.50,5.00,5.42,5.00,0.9152,2.2493,0,0,0,0,0,0
2026-03-26,RKLB,5.19,MARKET_NOISE,ADD,65.94,656.82,2.91,10.00,7.39,4.60,5.00,3.1200,18.0171,0,0,0,0,0,0
2026-03-26,SCCO,5.51,IDIOSYNCRATIC_DECAY,INSUFFICIENT_DATA,159.76,656.82,8.20,9.50,0.00,4.59,5.00,2.3505,-11.0133,0,0,0,0,0,1
2026-03-26,KTOS,5.36,MARKET_NOISE,HOLD_NOISE,75.86,656.82,4.39,5.83,7.78,4.59,5.00,1.9938,-2.9441,0,0,0,0,0,0
2026-03-26,AGX,6.31,MARKET_NOISE,HOLD_NOISE,410.85,656.82,8.87,10.00,5.56,4.59,2.00,1.2258,3.1838,0,0,0,0,0,0
2026-03-26,BNO,4.53,MARKET_NOISE,HOLD_NOISE,50.55,656.82,2.40,10.00,5.00,4.60,5.00,0.1000,44.2661,0,0,0,0,0,0
2026-03-26,LLY,6.90,IDIOSYNCRATIC_DECAY,INSUFFICIENT_DATA,897,656.82,8.44,7.13,7.69,4.60,5.00,0.2521,-10.9552,0,0,0,0,0,0
2026-03-26,CRS,6.91,MARKET_NOISE,ADD,391.62,656.82,6.81,10.00,8.46,5.54,5.00,1.3278,9.5083,0,0,0,0,0,0
2026-03-27,SPMO,4.50,MARKET_NOISE,HOLD_NOISE,110.31,645.09,5.00,4.00,5.00,5.00,5.00,1.1830,0.6081,0,0,0,0,0,0
2026-03-27,SMH,7.13,MARKET_NOISE,HOLD_NOISE,374.25,645.09,5.00,9.50,5.00,4.60,5.00,2.0709,3.7243,0,0,0,0,0,0
2026-03-27,TPL,7.43,MARKET_NOISE,HOLD_NOISE,511.75,645.09,9.61,10.00,6.88,4.60,5.00,1.0620,9.7114,0,0,0,0,0,1
2026-03-27,MELI,6.30,MARKET_NOISE,HOLD_NOISE,1599.52,645.09,6.54,4.50,9.35,4.60,5.00,1.2489,0.9253,0,0,0,0,0,1
2026-03-27,VRT,7.06,MARKET_NOISE,HOLD_NOISE,251.07,645.09,7.53,10.00,8.28,5.14,5.00,2.8338,15.9146,0,0,0,0,0,1
2026-03-27,MU,6.83,MARKET_NOISE,HOLD_NOISE,357.22,645.09,6.62,9.50,8.89,5.22,5.00,2.5033,0.2149,0,0,0,0,0,1
2026-03-27,AVNV,7.03,WATCH,INSUFFICIENT_DATA,76.21,645.09,5.00,9.07,5.00,5.00,5.00,1.0953,-3.1112,0,0,0,0,0,0
2026-03-27,BWXT,5.88,MARKET_NOISE,ADD,202.59,645.09,4.94,10.00,6.67,5.47,5.00,2.5167,15.9228,0,0,0,0,0,0
2026-03-27,GEV,7.68,MARKET_NOISE,ADD,853.16,645.09,9.61,10.00,8.13,4.60,5.00,1.5711,10.5637,0,0,0,0,0,0
2026-03-27,CRWD,4.45,MARKET_NOISE,ADD,369.58,645.09,2.80,4.50,6.67,4.60,5.00,1.1472,16.0219,0,0,0,0,0,0
2026-03-27,SHLD,6.97,MARKET_NOISE,HOLD_NOISE,69.87,645.09,5.00,9.20,5.00,4.59,5.00,0.9697,3.5851,0,0,0,0,0,0
2026-03-27,RKLB,5.14,MARKET_NOISE,ADD,60.93,645.09,2.91,9.50,7.39,4.60,5.00,3.3345,17.0518,0,0,0,0,0,0
2026-03-27,SCCO,5.51,IDIOSYNCRATIC_DECAY,INSUFFICIENT_DATA,162.07,645.09,8.20,9.50,0.00,4.60,5.00,2.3503,-9.4659,0,0,0,0,0,1
2026-03-27,KTOS,5.23,MARKET_NOISE,HOLD_NOISE,71.94,645.09,4.37,4.50,7.78,4.60,5.00,2.0768,0.3792,0,0,0,0,0,0
2026-03-27,AGX,6.25,MARKET_NOISE,HOLD_NOISE,566.62,645.09,8.87,9.50,5.56,4.56,2.00,1.4579,2.9895,0,0,0,0,0,0
2026-03-27,BNO,4.55,MARKET_NOISE,HOLD_NOISE,52.7,645.09,2.40,9.63,5.00,5.00,5.00,0.1000,50.9162,0,0,0,0,0,0
2026-03-27,LLY,6.74,IDIOSYNCRATIC_DECAY,INSUFFICIENT_DATA,878.24,645.09,8.44,5.55,7.69,4.59,5.00,0.3207,-10.5900,0,0,0,0,0,0
2026-03-27,CRS,6.77,MARKET_NOISE,ADD,376.92,645.09,6.81,10.00,8.46,4.60,5.00,1.4166,8.8137,0,0,0,0,0,0
2026-03-27,SPMO,4.50,MARKET_NOISE,HOLD_NOISE,110.31,645.09,5.00,4.00,5.00,5.00,5.00,1.1830,0.6081,0,0,0,0,0,0
2026-03-27,SMH,7.13,MARKET_NOISE,HOLD_NOISE,374.25,645.09,5.00,9.50,5.00,4.60,5.00,2.0709,3.7243,0,0,0,0,0,0
2026-03-27,TPL,7.43,MARKET_NOISE,HOLD_NOISE,511.75,645.09,9.61,10.00,6.88,4.60,5.00,1.0620,9.7114,0,0,0,0,0,1
2026-03-27,MELI,6.30,MARKET_NOISE,HOLD_NOISE,1599.52,645.09,6.54,4.50,9.35,4.60,5.00,1.2489,0.9253,0,0,0,0,0,1
2026-03-27,VRT,7.06,MARKET_NOISE,HOLD_NOISE,251.07,645.09,7.53,10.00,8.28,5.14,5.00,2.8338,15.9146,0,0,0,0,0,1
2026-03-27,MU,6.83,MARKET_NOISE,HOLD_NOISE,357.22,645.09,6.62,9.50,8.89,5.22,5.00,2.5033,0.2149,0,0,0,0,0,1
2026-03-27,AVNV,7.03,WATCH,HOLD,76.21,645.09,5.00,9.07,5.00,5.00,5.00,1.0953,-3.1112,0,0,0,0,0,0
2026-03-27,BWXT,5.88,MARKET_NOISE,ADD,202.59,645.09,4.94,10.00,6.67,5.47,5.00,2.5167,15.9228,0,0,0,0,0,0
2026-03-27,GEV,7.68,MARKET_NOISE,ADD,853.16,645.09,9.61,10.00,8.13,4.60,5.00,1.5711,10.5637,0,0,0,0,0,0
2026-03-27,CRWD,4.45,MARKET_NOISE,ADD,369.58,645.09,2.80,4.50,6.67,4.60,5.00,1.1472,16.0219,0,0,0,0,0,0
2026-03-27,SHLD,6.97,MARKET_NOISE,HOLD_NOISE,69.87,645.09,5.00,9.20,5.00,4.59,5.00,0.9697,3.5851,0,0,0,0,0,0
2026-03-27,RKLB,5.14,MARKET_NOISE,ADD,60.93,645.09,2.91,9.50,7.39,4.60,5.00,3.3345,17.0518,0,0,0,0,0,0
2026-03-27,SCCO,5.51,IDIOSYNCRATIC_DECAY,WATCH,162.07,645.09,8.20,9.50,0.00,4.60,5.00,2.3503,-9.4659,0,0,0,0,0,1
2026-03-27,KTOS,5.23,MARKET_NOISE,HOLD_NOISE,71.94,645.09,4.37,4.50,7.78,4.60,5.00,2.0768,0.3792,0,0,0,0,0,0
2026-03-27,AGX,6.25,MARKET_NOISE,HOLD_NOISE,566.62,645.09,8.87,9.50,5.56,4.56,2.00,1.4579,2.9895,0,0,0,0,0,0
2026-03-27,BNO,4.55,MARKET_NOISE,HOLD_NOISE,52.7,645.09,2.40,9.63,5.00,5.00,5.00,0.1000,50.9162,0,0,0,0,0,0
2026-03-27,LLY,6.74,IDIOSYNCRATIC_DECAY,WATCH,878.24,645.09,8.44,5.55,7.69,4.59,5.00,0.3207,-10.5900,0,0,0,0,0,0
2026-03-27,CRS,6.77,MARKET_NOISE,ADD,376.92,645.09,6.81,10.00,8.46,4.60,5.00,1.4166,8.8137,0,0,0,0,0,0
2026-03-30,SPMO,4.38,MARKET_NOISE,HOLD_NOISE,107.84,634.09,5.00,4.00,5.00,4.60,5.00,1.1408,1.0926,0,0,0,0,0,0
2026-03-30,SMH,7.13,MARKET_NOISE,ADD,362.53,634.09,5.00,9.50,5.00,4.60,5.00,2.0220,7.0308,0,0,0,0,0,0
2026-03-30,TPL,7.43,MARKET_NOISE,HOLD_NOISE,467.37,634.09,9.61,10.00,6.88,4.60,5.00,1.1322,8.9145,0,0,0,0,0,1
2026-03-30,MELI,6.25,MARKET_NOISE,HOLD_NOISE,1619.2,634.09,6.54,4.00,9.35,4.60,5.00,1.2364,1.7831,0,0,0,0,0,1
2026-03-30,VRT,6.98,MARKET_NOISE,HOLD_NOISE,234.22,634.09,7.53,10.00,8.28,4.60,5.00,2.7278,18.7009,0,0,0,0,0,1
2026-03-30,MU,6.74,MARKET_NOISE,HOLD_NOISE,321.8,634.09,6.62,9.50,8.89,4.60,5.00,2.3231,4.5684,0,0,0,0,0,1
2026-03-30,AVNV,6.95,MARKET_NOISE,HOLD_NOISE,76.0172,634.09,5.00,8.90,5.00,5.00,5.00,1.0528,-2.3708,0,0,0,0,0,0
2026-03-30,BWXT,5.88,MARKET_NOISE,ADD,191.59,634.09,4.94,10.00,6.67,5.43,5.00,2.4384,17.2871,0,0,0,0,0,0
2026-03-30,GEV,7.68,MARKET_NOISE,ADD,817.35,634.09,9.61,10.00,8.13,4.60,5.00,1.5839,10.0280,0,0,0,0,0,0
2026-03-30,CRWD,4.45,MARKET_NOISE,ADD,380.06,634.09,2.80,4.50,6.67,4.60,5.00,1.2993,7.3844,0,0,0,0,0,0
2026-03-30,SHLD,6.24,MARKET_NOISE,HOLD_NOISE,68.3,634.09,5.00,7.47,5.00,5.00,5.00,1.0142,2.1107,0,0,0,0,0,0
2026-03-30,RKLB,4.95,MARKET_NOISE,ADD,57.38,634.09,2.91,7.13,7.39,4.92,5.00,3.4337,11.3705,0,0,0,0,0,0
2026-03-30,SCCO,5.51,WATCH,HOLD,159.28,634.09,8.20,9.50,0.00,4.59,5.00,2.1716,-7.4694,0,0,0,0,0,1
2026-03-30,KTOS,5.17,WATCH,HOLD,65.28,634.09,4.35,4.00,7.78,4.60,5.00,2.1927,-4.3609,0,0,0,0,0,0
2026-03-30,AGX,6.24,MARKET_NOISE,HOLD_NOISE,513.98,634.09,8.87,8.78,5.56,4.96,2.00,0.1000,26.0125,0,0,0,0,0,0
2026-03-30,BNO,4.41,MARKET_NOISE,HOLD_NOISE,53.99,634.09,2.40,8.77,5.00,4.59,5.00,0.1000,56.6720,0,0,0,0,0,0
2026-03-30,LLY,6.78,IDIOSYNCRATIC_DECAY,WATCH,886.63,634.09,8.44,6.00,7.69,4.60,5.00,0.3646,-11.1477,0,0,0,0,0,0
2026-03-30,CRS,6.76,MARKET_NOISE,ADD,370.71,634.09,6.81,10.00,8.46,4.53,5.00,1.4929,6.7730,0,0,0,0,0,0
2026-03-31,SPMO,4.45,MARKET_NOISE,HOLD_NOISE,112.11,631.97,5.00,4.15,5.00,4.60,5.00,1.1499,-0.6795,0,0,0,0,0,0
2026-03-31,SMH,6.88,MARKET_NOISE,HOLD_NOISE,383.4,631.97,5.00,9.00,5.00,4.60,5.00,2.0350,5.2371,0,0,0,0,0,0
2026-03-31,TPL,7.38,MARKET_NOISE,HOLD_NOISE,474.56,631.97,9.61,9.50,6.88,4.60,5.00,1.1896,-1.4891,0,0,0,0,0,1
2026-03-31,MELI,6.30,MARKET_NOISE,HOLD_NOISE,1729.02,631.97,6.54,4.50,9.35,4.60,5.00,1.2260,1.7814,0,0,0,0,0,1
2026-03-31,VRT,6.93,MARKET_NOISE,HOLD_NOISE,250.58,631.97,7.53,9.50,8.28,4.59,5.00,2.7632,13.6501,0,0,0,0,0,1
2026-03-31,MU,6.76,WATCH,HOLD,337.84,631.97,6.62,9.00,8.89,5.09,5.00,2.3752,-3.2592,0,0,0,0,0,1
2026-03-31,AVNV,7.25,MARKET_NOISE,HOLD_NOISE,78.43,631.97,5.00,9.50,5.00,5.00,5.00,1.0532,-2.6408,0,0,0,0,0,0
2026-03-31,BWXT,5.83,MARKET_NOISE,ADD,204.49,631.97,4.94,9.50,6.67,5.43,5.00,2.4676,12.4455,0,0,0,0,0,0
2026-03-31,GEV,7.76,MARKET_NOISE,ADD,872.9,631.97,9.61,10.00,8.13,5.14,5.00,1.6084,6.2270,0,0,0,0,0,0
2026-03-31,CRWD,4.53,MARKET_NOISE,ADD,390.41,631.97,2.80,4.50,6.67,5.11,5.00,1.2794,12.2473,0,0,0,0,0,0
2026-03-31,SHLD,7.00,MARKET_NOISE,HOLD_NOISE,70.84,631.97,5.00,9.00,5.00,5.00,5.00,1.0281,-0.6670,0,0,0,0,0,0
2026-03-31,RKLB,5.20,MARKET_NOISE,ADD,64.22,631.97,2.91,9.50,7.39,5.05,5.00,3.4843,10.4770,0,0,0,0,0,0
2026-03-31,SCCO,5.51,IDIOSYNCRATIC_DECAY,WATCH,172.06,631.97,8.20,9.50,0.00,4.58,5.00,2.1776,-9.8882,0,0,0,0,0,1
2026-03-31,KTOS,5.17,WATCH,HOLD,70.51,631.97,4.35,4.00,7.78,4.60,5.00,2.2447,-6.5752,0,0,0,0,0,0
2026-03-31,AGX,6.62,MARKET_NOISE,HOLD_NOISE,544.65,631.97,9.78,10.00,5.56,4.59,2.00,0.1000,14.6889,0,0,0,0,0,0
2026-03-31,BNO,4.36,MARKET_NOISE,HOLD_NOISE,52.01,631.97,2.40,8.29,5.00,4.59,5.00,0.1000,55.8866,0,0,0,0,0,0
2026-03-31,LLY,7.09,IDIOSYNCRATIC_DECAY,WATCH,919.77,631.97,8.44,7.82,7.69,5.44,5.00,0.3573,-12.9054,0,0,0,0,0,0
2026-03-31,CRS,6.76,MARKET_NOISE,HOLD_NOISE,394.15,631.97,6.81,10.00,8.46,4.58,5.00,1.5019,4.9543,0,0,0,0,0,0
2026-03-31,SPMO,4.45,MARKET_NOISE,HOLD_NOISE,112.11,631.97,5.00,4.15,5.00,4.60,5.00,1.1499,-0.6795,0,0,0,0,0,0
2026-03-31,SMH,6.88,MARKET_NOISE,HOLD_NOISE,383.4,631.97,5.00,9.00,5.00,4.60,5.00,2.0350,5.2371,0,0,0,0,0,0
2026-03-31,TPL,7.38,MARKET_NOISE,HOLD_NOISE,474.56,631.97,9.61,9.50,6.88,4.60,5.00,1.1896,-1.4891,0,0,0,0,0,1
2026-03-31,MELI,6.30,MARKET_NOISE,HOLD_NOISE,1729.02,631.97,6.54,4.50,9.35,4.60,5.00,1.2260,1.7814,0,0,0,0,0,1
2026-03-31,VRT,6.93,MARKET_NOISE,HOLD_NOISE,250.58,631.97,7.53,9.50,8.28,4.59,5.00,2.7632,13.6501,0,0,0,0,0,1
2026-03-31,MU,6.76,WATCH,HOLD,337.84,631.97,6.62,9.00,8.89,5.09,5.00,2.3752,-3.2592,0,0,0,0,0,1
2026-03-31,AVNV,7.25,MARKET_NOISE,HOLD_NOISE,78.43,631.97,5.00,9.50,5.00,5.00,5.00,1.0532,-2.6408,0,0,0,0,0,0
2026-03-31,BWXT,5.83,MARKET_NOISE,ADD,204.49,631.97,4.94,9.50,6.67,5.43,5.00,2.4676,12.4455,0,0,0,0,0,0
2026-03-31,GEV,7.76,MARKET_NOISE,ADD,872.9,631.97,9.61,10.00,8.13,5.14,5.00,1.6084,6.2270,0,0,0,0,0,0
2026-03-31,CRWD,4.53,MARKET_NOISE,ADD,390.41,631.97,2.80,4.50,6.67,5.11,5.00,1.2794,12.2473,0,0,0,0,0,0
2026-03-31,SHLD,7.00,MARKET_NOISE,HOLD_NOISE,70.84,631.97,5.00,9.00,5.00,5.00,5.00,1.0281,-0.6670,0,0,0,0,0,0
2026-03-31,RKLB,5.20,MARKET_NOISE,ADD,64.22,631.97,2.91,9.50,7.39,5.05,5.00,3.4843,10.4770,0,0,0,0,0,0
2026-03-31,SCCO,5.51,IDIOSYNCRATIC_DECAY,WATCH,172.06,631.97,8.20,9.50,0.00,4.58,5.00,2.1776,-9.8882,0,0,0,0,0,1
2026-03-31,KTOS,5.17,WATCH,HOLD,70.51,631.97,4.35,4.00,7.78,4.60,5.00,2.2447,-6.5752,0,0,0,0,0,0
2026-03-31,AGX,6.62,MARKET_NOISE,HOLD_NOISE,544.65,631.97,9.78,10.00,5.56,4.59,2.00,0.1000,14.6889,0,0,0,0,0,0
2026-03-31,BNO,4.36,MARKET_NOISE,HOLD_NOISE,52.01,631.97,2.40,8.29,5.00,4.59,5.00,0.1000,55.8866,0,0,0,0,0,0
2026-03-31,LLY,7.09,IDIOSYNCRATIC_DECAY,WATCH,919.77,631.97,8.44,7.82,7.69,5.44,5.00,0.3573,-12.9054,0,0,0,0,0,0
2026-03-31,CRS,6.76,MARKET_NOISE,HOLD_NOISE,394.15,631.97,6.81,10.00,8.46,4.58,5.00,1.5019,4.9543,0,0,0,0,0,0
2026-04-01,SPMO,5.21,MARKET_NOISE,HOLD_NOISE,114.5,650.34,5.00,5.66,5.00,4.60,5.00,1.1873,-0.4261,0,0,0,0,0,0
2026-04-01,SMH,7.38,MARKET_NOISE,HOLD_NOISE,391.97,650.34,5.00,10.00,5.00,4.60,5.00,2.0084,4.8882,0,0,0,0,0,0
2026-04-01,TPL,7.38,WATCH,HOLD,439.2,650.34,9.61,9.50,6.88,4.60,5.00,1.0257,-5.2584,0,0,0,0,0,1
2026-04-01,MELI,6.35,MARKET_NOISE,HOLD_NOISE,1718.97,650.34,6.54,5.00,9.35,4.60,5.00,1.4328,4.8230,0,0,0,0,0,1
2026-04-01,VRT,6.98,MARKET_NOISE,HOLD_NOISE,259.37,650.34,7.53,10.00,8.28,4.60,5.00,2.6334,11.0457,0,0,0,0,0,1
2026-04-01,MU,6.81,WATCH,HOLD,367.85,650.34,6.62,9.50,8.89,5.06,5.00,2.2424,-6.3588,0,0,0,0,0,1
2026-04-01,AVNV,7.50,MARKET_NOISE,HOLD_NOISE,79.4,650.34,5.00,10.00,5.00,5.00,5.00,1.0485,-1.5130,0,0,0,0,0,0
2026-04-01,BWXT,5.88,MARKET_NOISE,ADD,212.81,650.34,4.94,10.00,6.67,5.48,5.00,2.4103,7.1215,0,0,0,0,0,0
2026-04-01,GEV,7.81,MARKET_NOISE,ADD,894.78,650.34,9.61,10.00,8.13,5.46,5.00,1.7001,7.9872,0,0,0,0,0,0
2026-04-01,CRWD,4.53,MARKET_NOISE,ADD,393.31,650.34,2.80,4.50,6.67,5.11,5.00,1.2258,7.8784,0,0,0,0,0,0
2026-04-01,SHLD,7.25,MARKET_NOISE,HOLD_NOISE,73.48,650.34,5.00,9.50,5.00,5.00,5.00,1.0574,-2.5433,0,0,0,0,0,0
2026-04-01,RKLB,5.19,MARKET_NOISE,ADD,65.52,650.34,2.91,10.00,7.39,4.60,5.00,3.5748,9.2592,0,0,0,0,0,0
2026-04-01,SCCO,5.56,IDIOSYNCRATIC_DECAY,WATCH,177.95,650.34,8.20,10.00,0.00,4.60,5.00,2.2359,-9.6397,0,0,0,0,0,1
2026-04-01,KTOS,5.36,IDIOSYNCRATIC_DECAY,WATCH,67.7,650.34,4.36,4.50,7.78,5.51,5.00,2.3246,-10.0717,0,0,0,0,0,0
2026-04-01,AGX,6.75,MARKET_NOISE,HOLD_NOISE,571.38,650.34,9.78,10.00,5.56,5.41,2.00,0.2988,23.8632,0,0,0,0,0,0
2026-04-01,BNO,4.53,MARKET_NOISE,HOLD_NOISE,50.33,650.34,2.40,9.97,5.00,4.59,5.00,0.1000,39.8127,0,0,0,0,0,0
2026-04-01,LLY,7.13,WATCH,HOLD,954.52,650.34,8.44,9.50,7.69,4.60,5.00,0.5351,-6.8368,0,0,0,0,0,0
2026-04-01,CRS,6.77,MARKET_NOISE,HOLD_NOISE,404.32,650.34,6.81,10.00,8.46,4.60,5.00,1.5801,4.7836,0,0,0,0,0,0
2026-04-02,SPMO,5.50,MARKET_NOISE,HOLD_NOISE,114.74,655.24,5.00,6.24,5.00,4.60,5.00,1.2076,0.4943,0,0,0,0,0,0
2026-04-02,SMH,7.38,MARKET_NOISE,HOLD_NOISE,392.32,655.24,5.00,10.00,5.00,4.60,5.00,2.0153,7.6651,0,0,0,0,0,0
2026-04-02,TPL,7.33,IDIOSYNCRATIC_DECAY,WATCH,444.24,655.24,9.61,9.00,6.88,4.60,5.00,0.8757,-12.8959,0,0,0,0,0,1
2026-04-02,MELI,6.29,MARKET_NOISE,HOLD_NOISE,1715.52,655.24,6.54,5.00,9.03,4.60,5.00,1.4076,5.4806,0,0,0,0,0,1
2026-04-02,VRT,7.03,MARKET_NOISE,HOLD_NOISE,261.29,655.24,7.53,10.00,8.03,5.24,5.00,2.6408,15.8468,0,0,0,0,0,1
2026-04-02,MU,6.82,MARKET_NOISE,HOLD_NOISE,366.24,655.24,6.62,9.50,9.13,4.83,5.00,2.3504,5.5523,0,0,0,0,0,1
2026-04-02,AVNV,7.50,MARKET_NOISE,HOLD_NOISE,78.8462,655.24,5.00,10.00,5.00,5.00,5.00,1.0533,1.6244,0,0,0,0,0,0
2026-04-02,BWXT,5.83,MARKET_NOISE,ADD,214.98,655.24,4.94,10.00,6.43,5.41,5.00,2.4379,12.3819,0,0,0,0,0,0
2026-04-02,GEV,7.89,MARKET_NOISE,ADD,898.57,655.24,9.61,10.00,8.50,5.54,5.00,1.7089,12.5709,0,0,0,0,0,0
2026-04-02,CRWD,4.75,MARKET_NOISE,ADD,399.12,655.24,2.80,4.50,7.46,5.53,5.00,1.2256,5.0029,0,0,0,0,0,0
2026-04-02,SHLD,7.38,MARKET_NOISE,HOLD_NOISE,73.96,655.24,5.00,10.00,5.00,4.60,5.00,1.1007,-0.2511,0,0,0,0,0,0
2026-04-02,RKLB,5.17,MARKET_NOISE,ADD,67.73,655.24,2.91,10.00,7.31,4.60,5.00,3.5591,6.5522,0,0,0,0,0,0
2026-04-02,SCCO,5.56,WATCH,HOLD,177.83,655.24,8.20,10.00,0.00,4.60,5.00,2.2550,-5.3964,0,0,0,0,0,1
2026-04-02,KTOS,5.17,IDIOSYNCRATIC_DECAY,WATCH,67.31,655.24,4.35,4.00,7.78,4.60,5.00,2.2259,-15.6810,0,0,0,0,0,0
2026-04-02,AGX,6.70,MARKET_NOISE,HOLD_NOISE,575.16,655.24,9.78,9.88,6.00,4.58,2.00,0.3552,31.4854,0,0,0,0,0,0
2026-04-02,BNO,4.53,MARKET_NOISE,HOLD_NOISE,54.12,655.24,2.40,10.00,5.00,4.60,5.00,0.1000,30.7236,0,0,0,0,0,0
2026-04-02,LLY,7.20,WATCH,HOLD,935.58,655.24,8.44,9.63,7.56,5.15,5.00,0.5933,-3.0922,0,0,0,0,0,0
2026-04-02,CRS,6.79,MARKET_NOISE,ADD,391.51,655.24,6.81,10.00,8.57,4.58,5.00,1.5923,6.6800,0,0,0,0,0,0
2026-04-02,SPMO,5.50,MARKET_NOISE,HOLD_NOISE,114.74,655.24,5.00,6.24,5.00,4.60,5.00,1.2076,0.4943,0,0,0,0,0,0
2026-04-02,SMH,7.38,MARKET_NOISE,HOLD_NOISE,392.32,655.24,5.00,10.00,5.00,4.60,5.00,2.0153,7.6651,0,0,0,0,0,0
2026-04-02,TPL,7.33,IDIOSYNCRATIC_DECAY,WATCH,444.24,655.24,9.61,9.00,6.88,4.60,5.00,0.8757,-12.8959,0,0,0,0,0,1
2026-04-02,MELI,6.29,MARKET_NOISE,HOLD_NOISE,1715.52,655.24,6.54,5.00,9.03,4.60,5.00,1.4076,5.4806,0,0,0,0,0,1
2026-04-02,VRT,7.03,MARKET_NOISE,HOLD_NOISE,261.29,655.24,7.53,10.00,8.03,5.24,5.00,2.6408,15.8468,0,0,0,0,0,1
2026-04-02,MU,6.82,MARKET_NOISE,HOLD_NOISE,366.24,655.24,6.62,9.50,9.13,4.83,5.00,2.3504,5.5523,0,0,0,0,0,1
2026-04-02,AVNV,7.50,MARKET_NOISE,HOLD_NOISE,78.8462,655.24,5.00,10.00,5.00,5.00,5.00,1.0533,1.6244,0,0,0,0,0,0
2026-04-02,BWXT,5.83,MARKET_NOISE,ADD,214.98,655.24,4.94,10.00,6.43,5.41,5.00,2.4379,12.3819,0,0,0,0,0,0
2026-04-02,GEV,7.89,MARKET_NOISE,ADD,898.57,655.24,9.61,10.00,8.50,5.54,5.00,1.7089,12.5709,0,0,0,0,0,0
2026-04-02,CRWD,4.75,MARKET_NOISE,ADD,399.12,655.24,2.80,4.50,7.46,5.53,5.00,1.2256,5.0029,0,0,0,0,0,0
2026-04-02,SHLD,7.38,MARKET_NOISE,HOLD_NOISE,73.96,655.24,5.00,10.00,5.00,4.60,5.00,1.1007,-0.2511,0,0,0,0,0,0
2026-04-02,RKLB,5.17,MARKET_NOISE,ADD,67.73,655.24,2.91,10.00,7.31,4.60,5.00,3.5591,6.5522,0,0,0,0,0,0
2026-04-02,SCCO,5.56,WATCH,HOLD,177.83,655.24,8.20,10.00,0.00,4.60,5.00,2.2550,-5.3964,0,0,0,0,0,1
2026-04-02,KTOS,5.17,IDIOSYNCRATIC_DECAY,WATCH,67.31,655.24,4.35,4.00,7.78,4.60,5.00,2.2259,-15.6810,0,0,0,0,0,0
2026-04-02,AGX,6.70,MARKET_NOISE,HOLD_NOISE,575.16,655.24,9.78,9.88,6.00,4.58,2.00,0.3552,31.4854,0,0,0,0,0,0
2026-04-02,BNO,4.53,MARKET_NOISE,HOLD_NOISE,54.12,655.24,2.40,10.00,5.00,4.60,5.00,0.1000,30.7236,0,0,0,0,0,0
2026-04-02,LLY,7.20,WATCH,HOLD,935.58,655.24,8.44,9.63,7.56,5.15,5.00,0.5933,-3.0922,0,0,0,0,0,0
2026-04-02,CRS,6.79,MARKET_NOISE,ADD,391.51,655.24,6.81,10.00,8.57,4.58,5.00,1.5923,6.6800,0,0,0,0,0,0
2026-04-03,SPMO,5.49,MARKET_NOISE,HOLD_NOISE,114.74,655.83,5.00,6.23,5.00,4.60,5.00,1.2081,0.5767,0,0,0,0,0,0
2026-04-03,SMH,7.38,MARKET_NOISE,HOLD_NOISE,392.32,655.83,5.00,10.00,5.00,4.60,5.00,2.0187,6.9343,0,0,0,0,0,0
2026-04-03,TPL,7.33,IDIOSYNCRATIC_DECAY,WATCH,444.24,655.83,9.61,9.00,6.88,4.60,5.00,0.8497,-13.5025,0,0,0,0,0,1
2026-04-03,MELI,6.29,MARKET_NOISE,HOLD_NOISE,1715.52,655.83,6.54,5.00,9.03,4.60,5.00,1.4184,3.0409,0,0,0,0,0,1
2026-04-03,VRT,7.06,MARKET_NOISE,HOLD_NOISE,261.29,655.83,7.53,10.00,8.03,5.48,5.00,2.6327,15.2427,0,0,0,0,0,1
2026-04-03,MU,6.86,MARKET_NOISE,HOLD_NOISE,366.24,655.83,6.62,9.50,9.13,5.13,5.00,2.3280,1.3400,0,0,0,0,0,1
2026-04-03,AVNV,7.38,MARKET_NOISE,HOLD_NOISE,78.8462,655.83,5.00,10.00,5.00,4.60,5.00,1.0533,0.9997,0,0,0,0,0,0
2026-04-03,BWXT,5.83,MARKET_NOISE,ADD,214.98,655.83,4.94,10.00,6.43,5.42,5.00,2.4439,15.0289,0,0,0,0,0,0
2026-04-03,GEV,7.89,MARKET_NOISE,ADD,898.57,655.83,9.61,10.00,8.50,5.50,5.00,1.7037,14.0972,0,0,0,0,0,0
2026-04-03,CRWD,4.71,MARKET_NOISE,HOLD_NOISE,399.12,655.83,2.80,5.00,7.46,4.91,5.00,1.2250,3.1392,0,0,0,0,0,0
2026-04-03,SHLD,7.38,MARKET_NOISE,HOLD_NOISE,73.96,655.83,5.00,10.00,5.00,4.59,5.00,1.0985,0.3646,0,0,0,0,0,0
2026-04-03,RKLB,5.21,MARKET_NOISE,ADD,67.73,655.83,2.91,10.00,7.31,4.86,5.00,3.5857,9.5215,0,0,0,0,0,0
2026-04-03,SCCO,5.56,WATCH,HOLD,177.83,655.83,8.20,10.00,0.00,4.60,5.00,2.2486,-4.3341,0,0,0,0,0,1
2026-04-03,KTOS,5.17,IDIOSYNCRATIC_DECAY,WATCH,67.31,655.83,4.35,4.00,7.78,4.60,5.00,2.2426,-14.8906,0,0,0,0,0,0
2026-04-03,AGX,6.69,MARKET_NOISE,HOLD_NOISE,575.16,655.83,9.78,9.78,6.00,4.59,2.00,0.3322,25.5489,0,0,0,0,0,0
2026-04-03,BNO,4.49,MARKET_NOISE,HOLD_NOISE,54.12,655.83,2.40,9.64,5.00,4.60,5.00,0.1000,39.5536,0,0,0,0,0,0
2026-04-03,LLY,7.16,WATCH,HOLD,935.58,655.83,8.44,9.60,7.56,4.90,5.00,0.5888,-4.2566,0,0,0,0,0,0
2026-04-03,CRS,6.84,MARKET_NOISE,HOLD_NOISE,391.51,655.83,6.81,10.00,8.57,4.96,5.00,1.5735,1.7257,0,0,0,0,0,0
2026-04-03,SPMO,5.49,MARKET_NOISE,HOLD_NOISE,114.74,655.83,5.00,6.23,5.00,4.60,5.00,1.2081,0.5767,0,0,0,0,0,0
2026-04-03,SMH,7.38,MARKET_NOISE,HOLD_NOISE,392.32,655.83,5.00,10.00,5.00,4.60,5.00,2.0187,6.9343,0,0,0,0,0,0
2026-04-03,TPL,7.33,IDIOSYNCRATIC_DECAY,WATCH,444.24,655.83,9.61,9.00,6.88,4.60,5.00,0.8497,-13.5025,0,0,0,0,0,1
2026-04-03,MELI,6.29,MARKET_NOISE,HOLD_NOISE,1715.52,655.83,6.54,5.00,9.03,4.60,5.00,1.4184,3.0409,0,0,0,0,0,1
2026-04-03,VRT,7.06,MARKET_NOISE,HOLD_NOISE,261.29,655.83,7.53,10.00,8.03,5.48,5.00,2.6327,15.2427,0,0,0,0,0,1
2026-04-03,MU,6.86,MARKET_NOISE,HOLD_NOISE,366.24,655.83,6.62,9.50,9.13,5.13,5.00,2.3280,1.3400,0,0,0,0,0,1
2026-04-03,AVNV,7.38,MARKET_NOISE,HOLD_NOISE,78.8462,655.83,5.00,10.00,5.00,4.60,5.00,1.0533,0.9997,0,0,0,0,0,0
2026-04-03,BWXT,5.83,MARKET_NOISE,ADD,214.98,655.83,4.94,10.00,6.43,5.42,5.00,2.4439,15.0289,0,0,0,0,0,0
2026-04-03,GEV,7.89,MARKET_NOISE,ADD,898.57,655.83,9.61,10.00,8.50,5.50,5.00,1.7037,14.0972,0,0,0,0,0,0
2026-04-03,CRWD,4.71,MARKET_NOISE,HOLD_NOISE,399.12,655.83,2.80,5.00,7.46,4.91,5.00,1.2250,3.1392,0,0,0,0,0,0
2026-04-03,SHLD,7.38,MARKET_NOISE,HOLD_NOISE,73.96,655.83,5.00,10.00,5.00,4.59,5.00,1.0985,0.3646,0,0,0,0,0,0
2026-04-03,RKLB,5.21,MARKET_NOISE,ADD,67.73,655.83,2.91,10.00,7.31,4.86,5.00,3.5857,9.5215,0,0,0,0,0,0
2026-04-03,SCCO,5.56,WATCH,HOLD,177.83,655.83,8.20,10.00,0.00,4.60,5.00,2.2486,-4.3341,0,0,0,0,0,1
2026-04-03,KTOS,5.17,IDIOSYNCRATIC_DECAY,WATCH,67.31,655.83,4.35,4.00,7.78,4.60,5.00,2.2426,-14.8906,0,0,0,0,0,0
2026-04-03,AGX,6.69,MARKET_NOISE,HOLD_NOISE,575.16,655.83,9.78,9.78,6.00,4.59,2.00,0.3322,25.5489,0,0,0,0,0,0
2026-04-03,BNO,4.49,MARKET_NOISE,HOLD_NOISE,54.12,655.83,2.40,9.64,5.00,4.60,5.00,0.1000,39.5536,0,0,0,0,0,0
2026-04-03,LLY,7.16,WATCH,HOLD,935.58,655.83,8.44,9.60,7.56,4.90,5.00,0.5888,-4.2566,0,0,0,0,0,0
2026-04-03,CRS,6.84,MARKET_NOISE,HOLD_NOISE,391.51,655.83,6.81,10.00,8.57,4.96,5.00,1.5735,1.7257,0,0,0,0,0,0
2026-04-06,SPMO,5.86,MARKET_NOISE,HOLD_NOISE,115.67,655.83,5.00,6.55,5.00,4.60,5.00,1.2081,0.5767,0,0,0,0,0,0
2026-04-06,SMH,7.51,MARKET_NOISE,HOLD_NOISE,395.98,655.83,5.00,8.81,5.00,5.09,5.00,2.0187,6.9343,0,0,0,0,0,0
2026-04-06,TPL,8.28,IDIOSYNCRATIC_DECAY,WATCH,448.86,655.83,9.61,7.38,6.88,4.60,5.00,0.8497,-13.5025,0,0,0,0,0,1
2026-04-06,MELI,6.36,MARKET_NOISE,HOLD_NOISE,1710.37,655.83,6.54,5.00,8.71,4.60,5.00,1.4184,3.0409,0,0,0,0,0,1
2026-04-06,VRT,7.50,MARKET_NOISE,HOLD_NOISE,258.73,655.83,7.53,10.00,7.77,4.59,5.00,2.6327,15.2427,0,0,0,0,0,1
2026-04-06,MU,6.86,MARKET_NOISE,HOLD_NOISE,377.76,655.83,6.50,7.50,9.29,5.43,5.00,2.3280,1.3400,0,0,0,0,0,1
2026-04-06,AVNV,7.31,MARKET_NOISE,HOLD_NOISE,79.2787,655.83,5.00,8.55,5.00,5.00,5.00,1.0533,0.9997,0,0,0,0,0,0
2026-04-06,BWXT,5.88,MARKET_NOISE,HOLD_NOISE,215.98,655.83,4.94,10.00,6.43,5.43,5.00,2.4439,15.0289,0,0,0,0,0,0
2026-04-06,GEV,8.88,MARKET_NOISE,ADD,897.36,655.83,9.61,10.00,8.75,4.60,5.00,1.7037,14.0972,0,0,0,0,0,0
2026-04-06,CRWD,5.57,MARKET_NOISE,HOLD_NOISE,398.61,655.83,5.27,5.10,8.17,4.83,5.00,1.2250,3.1392,0,0,0,0,0,0
2026-04-06,SHLD,7.65,MARKET_NOISE,HOLD_NOISE,74.78,655.83,5.00,9.08,5.00,5.00,5.00,1.0985,0.3646,0,0,0,0,0,0
2026-04-06,RKLB,4.46,MARKET_NOISE,HOLD_NOISE,67.67,655.83,2.91,8.00,7.22,5.13,5.00,3.5857,9.5215,0,0,0,0,0,0
2026-04-06,SCCO,6.60,WATCH,HOLD,176.67,655.83,8.20,8.00,0.00,4.60,5.00,2.2486,-4.3341,0,0,0,0,0,1
2026-04-06,KTOS,4.80,IDIOSYNCRATIC_DECAY,WATCH,74.09,655.83,4.37,4.00,7.78,4.60,5.00,2.2426,-14.8906,0,0,0,0,0,0
2026-04-06,AGX,7.32,MARKET_NOISE,HOLD_NOISE,572.31,655.83,9.78,9.78,6.44,5.43,3.00,0.3322,25.5489,0,0,0,0,0,0
2026-04-06,BNO,4.06,MARKET_NOISE,HOLD_NOISE,54.67,655.83,2.40,9.64,5.00,5.00,5.00,0.1000,39.5536,0,0,0,0,0,0
2026-04-06,LLY,8.15,WATCH,HOLD,927.06,655.83,9.22,7.47,7.56,4.60,5.00,0.5888,-4.2566,0,0,0,0,0,0
2026-04-06,CRS,7.00,MARKET_NOISE,HOLD_NOISE,394.82,655.83,6.50,10.00,8.68,4.59,5.00,1.5735,1.7257,0,0,0,0,0,0
2026-04-14,SPMO,7.55,MARKET_NOISE,HOLD_NOISE,126.65,686.1,5.00,9.03,5.00,4.79,5.00,1.2564,2.7218,0,0,0,0,0,0,0,0.00
2026-04-14,SMH,7.54,MARKET_NOISE,HOLD_NOISE,452,686.1,5.00,8.78,5.00,5.24,5.00,1.9887,7.3110,0,0,0,0,0,0,0,0.00
2026-04-14,TPL,8.32,IDIOSYNCRATIC_DECAY,WATCH,412.2,686.1,9.61,7.50,6.88,4.77,5.00,0.5080,-23.3576,0,0,0,0,0,1,0,0.00
2026-04-14,MELI,6.56,MARKET_NOISE,HOLD_NOISE,1840.66,686.1,6.54,6.28,8.71,4.80,5.00,1.2893,5.0611,0,0,0,0,0,1,0,-0.00
2026-04-14,VRT,7.45,MARKET_NOISE,HOLD_NOISE,310.51,686.1,7.53,9.20,7.77,5.05,5.00,2.5848,6.5756,0,0,0,0,0,1,0,-0.00
2026-04-14,MU,7.16,IDIOSYNCRATIC_DECAY,WATCH,465.66,686.1,6.50,10.00,9.29,5.18,5.00,2.2583,-8.0178,0,0,0,0,0,1,0,0.00
2026-04-14,AVNV,8.16,MARKET_NOISE,HOLD_NOISE,83.6513,686.1,5.00,9.87,5.00,5.00,5.00,1.0786,3.1152,0,0,0,0,0,0,0,0.00
2026-04-14,BWXT,5.85,MARKET_NOISE,HOLD_NOISE,238.27,686.1,4.94,10.00,6.43,5.24,5.00,2.3564,11.4638,0,0,0,0,0,0,0,0.00
2026-04-14,GEV,8.74,MARKET_NOISE,ADD,987.5,686.1,9.61,8.85,8.75,4.75,5.00,1.5988,17.3695,0,0,0,0,0,0,0,-0.00
2026-04-14,CRWD,5.61,IDIOSYNCRATIC_DECAY,WATCH,398.49,686.1,5.27,5.50,8.17,4.75,5.00,1.1674,-13.1470,0,0,0,0,0,0,0,-0.00
2026-04-14,SHLD,7.54,WATCH,HOLD,74.33,686.1,5.00,9.04,5.00,4.76,5.00,0.9363,-4.8077,0,0,0,0,0,0,0,0.00
2026-04-14,RKLB,4.65,IDIOSYNCRATIC_DECAY,WATCH,72.22,686.1,2.91,9.79,7.22,4.76,5.00,3.1533,-8.1061,0,0,0,0,0,0,0,0.00
2026-04-14,SCCO,6.85,MARKET_NOISE,HOLD_NOISE,193.37,686.1,8.20,9.70,0.00,4.79,5.00,2.1507,7.2245,0,0,0,0,0,1,0,-0.00
2026-04-14,LLY,8.16,IDIOSYNCRATIC_DECAY,WATCH,922.5,686.1,9.22,7.16,7.56,4.97,5.00,0.6764,-8.0689,0,0,0,0,0,0,0,0.00
2026-04-14,CRS,6.99,MARKET_NOISE,HOLD_NOISE,438.8,686.1,6.50,9.72,8.68,4.75,5.00,1.7611,16.4737,0,0,0,0,0,0,0,0.00
2026-04-14,APO,6.71,MARKET_NOISE,HOLD_NOISE,114.82,686.1,6.97,6.05,7.83,5.08,5.00,1.0297,1.5738,0,0,0,0,0,0,0,-0.00
2026-04-14,EME,8.78,MARKET_NOISE,HOLD_NOISE,814.18,686.1,9.66,10.00,7.52,4.82,5.00,1.5959,8.6727,0,0,0,0,0,0,0,0.00
2026-04-15,SPMO,7.09,MARKET_NOISE,HOLD_NOISE,126.65,694.46,5.00,8.22,5.00,5.00,5.00,1.2570,3.1473,0,0,0,0,0,0,0,0.00
2026-04-15,SMH,7.05,MARKET_NOISE,HOLD_NOISE,452,694.46,5.00,8.15,5.00,5.00,5.00,1.9741,7.2406,0,0,0,0,0,0,0,0.00
2026-04-15,TPL,8.35,IDIOSYNCRATIC_DECAY,WATCH,412.2,694.46,9.61,7.50,6.88,5.00,5.00,0.4642,-23.5318,0,0,0,0,0,1,0,0.00
2026-04-15,MELI,6.10,MARKET_NOISE,HOLD_NOISE,1840.66,694.46,6.54,6.36,5.00,5.00,5.00,1.2746,1.4085,0,0,0,0,0,1,0,-0.00
2026-04-15,VRT,6.97,MARKET_NOISE,HOLD_NOISE,310.51,694.46,7.53,8.40,5.00,5.00,5.00,2.5632,7.5458,0,0,0,0,0,1,0,-0.00
2026-04-15,MU,7.10,WATCH,HOLD,465.66,694.46,6.50,9.70,9.29,5.00,5.00,2.3835,-3.6591,0,0,0,0,0,1,0,0.00
2026-04-15,AVNV,7.97,MARKET_NOISE,HOLD_NOISE,83.6513,694.46,5.00,9.57,5.00,5.00,5.00,1.0637,2.1806,0,0,0,0,0,0,0,0.00
2026-04-15,BWXT,5.77,MARKET_NOISE,HOLD_NOISE,238.27,694.46,4.94,9.63,6.43,5.00,5.00,2.3336,7.5465,0,0,0,0,0,0,0,0.00
2026-04-15,GEV,8.31,MARKET_NOISE,ADD,987.5,694.46,9.61,9.09,5.00,5.00,5.00,1.5296,13.5401,0,0,0,0,0,0,0,-0.00
2026-04-15,CRWD,5.65,IDIOSYNCRATIC_DECAY,WATCH,398.49,694.46,5.27,5.55,8.17,5.00,5.00,1.1240,-10.2536,0,0,0,0,0,0,0,-0.00
2026-04-15,SHLD,7.63,WATCH,HOLD,74.33,694.46,5.00,9.05,5.00,5.00,5.00,0.9031,-6.4722,0,0,0,0,0,0,0,0.00
2026-04-15,RKLB,4.69,IDIOSYNCRATIC_DECAY,WATCH,72.22,694.46,2.91,9.85,7.22,5.00,5.00,3.1141,-10.5607,0,0,0,0,0,0,0,0.00
2026-04-15,SCCO,6.88,MARKET_NOISE,HOLD_NOISE,193.37,694.46,8.20,9.69,0.00,5.00,5.00,2.0504,1.5784,0,0,0,0,0,1,0,-0.00
2026-04-15,LLY,8.09,IDIOSYNCRATIC_DECAY,WATCH,922.5,694.46,9.22,6.64,7.56,5.00,5.00,0.6426,-9.1778,0,0,0,0,0,0,0,0.00
2026-04-15,CRS,7.06,MARKET_NOISE,HOLD_NOISE,438.8,694.46,6.50,10.00,8.68,5.00,5.00,1.6890,10.8842,0,0,0,0,0,0,0,0.00
2026-04-15,APO,6.71,MARKET_NOISE,HOLD_NOISE,114.82,694.46,6.97,6.14,7.83,5.00,5.00,1.1068,6.7840,0,0,0,0,0,0,0,-0.00
2026-04-15,EME,8.79,MARKET_NOISE,HOLD_NOISE,814.18,694.46,9.66,9.96,7.52,5.00,5.00,1.5478,6.1779,0,0,0,0,0,0,0,0.00
2026-04-15,SPMO,7.03,MARKET_NOISE,HOLD_NOISE,126.58,694.46,5.00,8.22,5.00,4.82,5.00,1.2570,3.1473,0,0,0,0,0,0,0,0.00
2026-04-15,SMH,6.97,MARKET_NOISE,HOLD_NOISE,453,694.46,5.00,8.15,5.00,4.79,5.00,1.9741,7.2406,0,0,0,0,0,0,0,0.00
2026-04-15,TPL,8.36,IDIOSYNCRATIC_DECAY,WATCH,417.3,694.46,9.61,7.50,6.88,5.06,5.00,0.4642,-23.5318,0,0,0,0,0,1,0,0.00
2026-04-15,MELI,6.39,INSUFFICIENT_DATA,HOLD,1872.12,694.46,6.54,5.00,8.71,4.78,5.00,1.0000,0.0000,0,0,0,0,0,1,0,0.00
2026-04-15,VRT,6.92,INSUFFICIENT_DATA,HOLD,301.16,694.46,7.53,5.00,7.77,5.29,5.00,1.0000,0.0000,0,0,0,0,0,1,0,0.00
2026-04-15,MU,6.51,INSUFFICIENT_DATA,HOLD,456.23,694.46,6.50,5.00,9.29,5.27,5.00,1.0000,0.0000,0,0,0,0,0,1,0,0.00
2026-04-15,AVNV,5.00,INSUFFICIENT_DATA,HOLD,83.2331,694.46,5.00,5.00,5.00,5.00,5.00,1.0000,0.0000,0,0,0,0,0,0,0,0.00
2026-04-15,BWXT,5.80,MARKET_NOISE,HOLD_NOISE,238.42,694.46,4.94,9.63,6.43,5.25,5.00,2.3336,7.5465,0,0,0,0,0,0,0,0.00
2026-04-15,GEV,8.81,MARKET_NOISE,ADD,985.92,694.46,9.61,9.09,8.75,5.00,5.00,1.5296,13.5401,0,0,0,0,0,0,0,-0.00
2026-04-15,CRWD,5.73,IDIOSYNCRATIC_DECAY,WATCH,411.16,694.46,5.27,6.33,8.17,4.77,5.00,1.1240,-10.2536,0,0,0,0,0,0,0,-0.00
2026-04-15,SHLD,7.62,WATCH,HOLD,74.59,694.46,5.00,9.13,5.00,4.82,5.00,0.9031,-6.4722,0,0,0,0,0,0,0,0.00
2026-04-15,RKLB,4.75,IDIOSYNCRATIC_DECAY,WATCH,73.6,694.46,2.91,10.00,7.22,5.34,5.00,3.1141,-10.5607,0,0,0,0,0,0,0,0.00
2026-04-15,SCCO,6.78,MARKET_NOISE,HOLD_NOISE,189.3,694.46,8.20,9.15,0.00,4.82,5.00,2.0504,1.5784,0,0,0,0,0,1,0,-0.00
2026-04-15,LLY,7.98,IDIOSYNCRATIC_DECAY,WATCH,905.03,694.46,9.22,6.06,7.56,4.76,5.00,0.6426,-9.1778,0,0,0,0,0,0,0,0.00
2026-04-15,CRS,7.09,MARKET_NOISE,HOLD_NOISE,428.67,694.46,6.50,10.00,8.68,5.28,5.00,1.6890,10.8842,0,0,0,0,0,0,0,0.00
2026-04-15,APO,6.79,MARKET_NOISE,HOLD_NOISE,120.54,694.46,6.97,7.00,7.83,4.73,5.00,1.1068,6.7840,0,0,0,0,0,0,0,-0.00
2026-04-15,EME,8.84,MARKET_NOISE,HOLD_NOISE,803.64,694.46,9.66,9.96,7.52,5.32,5.00,1.5478,6.1779,0,0,0,0,0,0,0,0.00
2026-04-16,SMH,6.92,MARKET_NOISE,HOLD_NOISE,454.8,699.94,5.00,8.08,5.00,4.76,5.00,1.9547,5.6458,0,0,0,0,0,0,0,0.00
2026-04-16,TPL,8.38,IDIOSYNCRATIC_DECAY,WATCH,426.27,699.94,9.61,7.50,6.88,5.22,5.00,0.4811,-23.2330,0,0,0,0,0,1,0,0.00
2026-04-16,MELI,6.55,MARKET_NOISE,HOLD_NOISE,1822.13,699.94,6.54,6.18,8.71,4.78,5.00,1.2752,2.7898,0,0,0,0,0,1,0,-0.00
2026-04-16,VRT,7.59,MARKET_NOISE,HOLD_NOISE,294.13,699.94,7.53,9.95,7.77,5.33,5.00,2.4877,1.3907,0,0,0,0,0,1,0,-0.00
2026-04-16,MU,7.14,IDIOSYNCRATIC_DECAY,WATCH,457.23,699.94,6.50,10.00,9.29,5.03,5.00,2.3165,-11.2492,0,0,0,0,0,1,0,0.00
2026-04-16,AVNV,8.05,MARKET_NOISE,HOLD_NOISE,83.2267,699.94,5.00,9.69,5.00,5.00,5.00,1.0434,0.4916,0,0,0,0,0,0,0,0.00
2026-04-16,BWXT,5.80,MARKET_NOISE,HOLD_NOISE,230.8,699.94,4.94,9.61,6.43,5.22,5.00,2.3145,4.8542,0,0,0,0,0,0,0,0.00
2026-04-16,GEV,8.87,MARKET_NOISE,ADD,978.32,699.94,9.61,9.21,8.75,5.36,5.00,1.5079,10.2556,0,0,0,0,0,0,0,-0.00
2026-04-16,CRWD,5.85,IDIOSYNCRATIC_DECAY,WATCH,418.2,699.94,5.27,6.80,8.17,5.23,5.00,1.1588,-10.1236,0,0,0,0,0,0,0,-0.00
2026-04-16,SHLD,7.50,WATCH,HOLD,73.74,699.94,5.00,8.85,5.00,5.00,5.00,0.8997,-6.9515,0,0,0,0,0,0,0,0.00
2026-04-16,RKLB,4.68,IDIOSYNCRATIC_DECAY,WATCH,82.93,699.94,2.91,10.00,7.22,4.77,5.00,3.1066,-19.8493,0,0,0,0,0,0,0,0.00
2026-04-16,LLY,7.98,WATCH,HOLD,903.99,699.94,9.22,6.00,7.56,4.77,5.00,0.6142,-5.3904,0,0,0,0,0,0,0,0.00
2026-04-16,APO,6.82,MARKET_NOISE,HOLD_NOISE,120.81,699.94,6.97,7.00,7.83,5.02,5.00,1.1649,5.6367,0,0,0,0,0,0,0,-0.00
2026-04-16,EME,8.77,MARKET_NOISE,HOLD_NOISE,792.25,699.94,9.66,10.00,7.52,4.79,5.00,1.5157,3.7202,0,0,0,0,0,0,0,0.00
2026-04-16,FMTM,4.11,MARKET_NOISE,HOLD_NOISE,37.4856,699.94,2.40,10.00,5.00,5.00,5.00,1.4326,0.2348,0,0,0,0,0,0,0,0.00
2026-04-17,SMH,6.83,MARKET_NOISE,HOLD_NOISE,464.16,701.66,5.00,7.94,5.00,4.77,5.00,1.9530,3.6497,0,0,0,0,0,0,0,0.00
2026-04-17,TPL,8.32,IDIOSYNCRATIC_DECAY,WATCH,422.58,701.66,9.61,7.50,6.88,4.78,5.00,0.4988,-22.6174,0,0,0,0,0,1,0,0.00
2026-04-17,MELI,6.62,MARKET_NOISE,HOLD_NOISE,1855.83,701.66,6.54,6.73,8.71,4.79,5.00,1.2840,-0.0077,0,0,0,0,0,1,0,-0.00
2026-04-17,VRT,7.57,WATCH,HOLD,307.34,701.66,7.53,10.00,7.77,5.16,5.00,2.4665,-3.8879,0,0,0,0,0,1,0,-0.00
2026-04-17,MU,7.13,IDIOSYNCRATIC_DECAY,WATCH,455.07,701.66,6.50,10.00,9.29,4.95,5.00,2.3061,-15.0008,0,0,0,0,0,1,0,0.00
2026-04-17,AVNV,8.25,MARKET_NOISE,HOLD_NOISE,84.33,701.66,5.00,10.00,5.00,5.00,5.00,1.0523,0.1364,0,0,0,0,0,0,0,0.00
2026-04-17,GEV,8.87,MARKET_NOISE,HOLD_NOISE,1002.75,701.66,9.61,9.78,8.75,4.77,5.00,1.4912,4.8912,0,0,0,0,0,0,0,-0.00
2026-04-17,CRWD,5.82,IDIOSYNCRATIC_DECAY,WATCH,423.95,701.66,5.27,7.00,8.17,4.82,5.00,1.1573,-11.0797,0,0,0,0,0,0,0,-0.00
2026-04-17,SHLD,7.43,IDIOSYNCRATIC_DECAY,WATCH,73.35,701.66,5.00,8.73,5.00,5.00,5.00,0.9046,-8.5522,0,0,0,0,0,0,0,0.00
2026-04-17,RKLB,4.71,MARKET_NOISE,HOLD_NOISE,84.8,701.66,2.91,9.89,7.22,5.09,5.00,3.2192,-0.2222,0,0,0,0,0,0,0,0.00
2026-04-17,LLY,8.08,WATCH,HOLD,927.03,701.66,9.22,6.74,7.56,4.77,5.00,0.6158,-5.2773,0,0,0,0,0,0,0,0.00
2026-04-17,FMTM,4.11,MARKET_NOISE,HOLD_NOISE,38.08,701.66,2.40,10.00,5.00,5.00,5.00,1.4372,-0.4991,0,0,0,0,0,0,0,0.00
2026-04-17,CEG,6.06,IDIOSYNCRATIC_DECAY,INSUFFICIENT_DATA,296.21,701.66,5.78,6.00,8.65,4.77,5.00,0.9616,-11.5482,0,0,0,0,0,0,0,0.00
2026-04-22,SMH,6.87,MARKET_NOISE,HOLD_NOISE,476.83,704.08,5.00,8.00,5.00,4.77,5.00,1.9710,4.0832,0,0,0,0,0,0,0,0.00
2026-04-22,TPL,8.08,IDIOSYNCRATIC_DECAY,INSUFFICIENT_DATA,439.5,704.08,9.33,6.50,6.88,4.71,5.00,0.3564,-19.7262,0,0,0,0,0,1,0,0.00
2026-04-22,VRT,7.28,MARKET_NOISE,HOLD_NOISE,305.14,704.08,6.90,10.00,7.77,4.77,5.00,2.5932,2.7774,0,0,0,0,0,1,0,0.00
2026-04-22,MU,6.90,WATCH,INSUFFICIENT_DATA,487.48,704.08,5.83,10.00,9.29,5.08,5.00,2.4197,-6.8443,0,0,0,0,0,1,0,0.00
2026-04-22,AVNV,7.95,MARKET_NOISE,HOLD_NOISE,82.9613,704.08,5.00,9.54,5.00,5.00,5.00,1.1256,-1.7615,0,0,0,0,0,0,0,0.00
2026-04-22,GEV,7.57,MARKET_NOISE,HOLD_NOISE,1127.56,704.08,7.08,10.00,8.75,5.10,5.00,1.6207,0.2678,0,0,0,0,0,0,0,0.00
2026-04-22,CRWD,6.91,MARKET_NOISE,HOLD_NOISE,466.68,704.08,6.43,9.00,8.17,4.76,5.00,1.0937,0.6558,0,0,0,0,0,0,0,0.00
2026-04-22,SHLD,6.26,WATCH,INSUFFICIENT_DATA,70.29,704.08,5.00,6.94,5.00,5.00,5.00,0.9386,-10.4920,0,0,0,0,0,0,0,0.00
2026-04-22,RKLB,4.90,MARKET_NOISE,HOLD_NOISE,90.04,704.08,3.01,10.00,7.22,5.10,5.00,3.1664,3.8829,0,0,0,0,0,0,0,0.00
2026-04-22,LLY,7.83,WATCH,INSUFFICIENT_DATA,921.48,704.08,8.93,5.49,7.56,5.14,5.00,0.7570,-6.4523,0,0,0,0,0,0,0,0.00
2026-04-22,FMTM,4.09,MARKET_NOISE,HOLD_NOISE,38.6606,704.08,2.26,10.00,5.00,4.81,5.00,1.4675,0.3670,0,0,0,0,0,0,0,0.00
2026-04-22,CEG,4.96,WATCH,INSUFFICIENT_DATA,287.16,704.08,4.41,3.57,8.65,4.79,5.00,0.8589,-10.5441,0,0,0,0,0,0,0,0.00
2026-04-22,GOOGC,3.36,INSUFFICIENT_DATA,HOLD,0,704.08,2.26,5.00,5.00,5.00,5.00,1.0000,0.0000,0,0,0,0,0,0,0,0.00
2026-04-23,SMH,6.87,MARKET_NOISE,HOLD_NOISE,481.85,711.21,5.00,8.00,5.00,4.77,5.00,1.9688,3.3510,0,0,0,0,0,0,0,0.00
2026-04-23,TPL,8.08,IDIOSYNCRATIC_DECAY,INSUFFICIENT_DATA,439.15,711.21,9.33,6.50,6.88,4.79,5.00,0.2574,-20.1772,0,0,0,0,0,1,0,0.00
2026-04-23,VRT,7.34,WATCH,INSUFFICIENT_DATA,321.75,711.21,6.90,10.00,7.77,5.29,5.00,2.4996,-9.5636,0,0,0,0,0,1,0,0.00
2026-04-23,MU,6.87,MARKET_NOISE,HOLD_NOISE,481.72,711.21,5.83,10.00,9.29,4.76,5.00,2.4483,1.4957,0,0,0,0,0,1,0,0.00
2026-04-23,AVNV,7.80,MARKET_NOISE,HOLD_NOISE,82.17,711.21,5.00,9.30,5.00,5.00,5.00,1.1178,-2.1017,0,0,0,0,0,0,0,0.00
2026-04-23,GEV,7.26,MARKET_NOISE,HOLD_NOISE,1149.53,711.21,7.08,8.00,8.75,5.03,5.00,1.9118,7.0034,0,0,0,0,0,0,0,0.00
2026-04-23,CRWD,6.75,MARKET_NOISE,HOLD_NOISE,445.39,711.21,6.43,7.62,8.17,5.23,5.00,1.1500,8.5341,0,0,0,0,0,0,0,0.00
2026-04-23,SHLD,5.83,WATCH,INSUFFICIENT_DATA,68.83,711.21,5.00,6.28,5.00,5.00,5.00,0.9418,-10.9993,0,0,0,0,0,0,0,0.00
2026-04-23,RKLB,4.90,MARKET_NOISE,HOLD_NOISE,84.6,711.21,3.01,10.00,7.22,5.13,5.00,3.2787,7.1506,0,0,0,0,0,0,0,0.00
2026-04-23,LLY,7.83,MARKET_NOISE,HOLD_NOISE,917.65,711.21,8.93,5.34,7.56,5.33,5.00,0.7255,-4.4009,0,0,0,0,0,0,0,0.00
2026-04-23,FMTM,4.11,MARKET_NOISE,HOLD_NOISE,38.8151,711.21,2.26,10.00,5.00,5.00,5.00,1.4415,-3.2050,0,0,0,0,0,0,0,0.00
2026-04-23,CEG,5.03,WATCH,INSUFFICIENT_DATA,292.77,711.21,4.41,4.02,8.65,4.82,5.00,0.9277,-10.8497,0,0,0,0,0,0,0,0.00
2026-04-23,GOOGC,3.36,INSUFFICIENT_DATA,HOLD,0,711.21,2.26,5.00,5.00,5.00,5.00,1.0000,0.0000,0,0,0,0,0,0,0,0.00
